Site Name;Date;Measured (kWh);Expected (kWh);Performance;PF Band;Discussion
21 Melrose;Jan-24;1815;2355,647521;77,0%;Moderate;
21 Melrose;Feb-24;2295;2661,707339;86,2%;Moderate;
21 Melrose;Mar-24;2474;2167,126099;114,2%;Expected;
21 Melrose;Apr-24;2136;1858,725185;114,9%;Expected;
21 Melrose;May-24;2212;1806,795128;122,4%;Expected;
21 Melrose;Jun-24;1863;1614,000001;115,4%;Expected;
21 Melrose;Jul-24;1943;1796,655902;108,1%;Expected;
21 Melrose;Aug-24;1710;2094,849225;81,6%;Moderate;
21 Melrose;Sept-24;1579;2250,264636;70,2%;Moderate;
21 Melrose;Oct-24;1593;2379,74124;66,9%;Poor;
21 Melrose;Nov-24;1794;2327,644573;77,1%;Moderate;
21 Melrose;Dec-24;1794;2450,703154;73,2%;Moderate;
21 Melrose;Jan-25;1992;2339,124248;85,2%;Moderate;
21 Melrose;Feb-25;1458;2643,037263;55,2%;Poor;
21 Melrose;Mar-25;1382;2151,966564;64,2%;Poor;
21 Melrose;Apr-25;1183;1845,722984;64,1%;Poor;
21 Melrose;May-25;1860;1794,156189;103,7%;Expected;
21 Melrose;Jun-25;1756,6;1602,709707;109,6%;Expected;
21 Melrose;Jul-25;1742;1784,087889;97,6%;Expected;
21 Melrose;Aug-25;1613;2080,195283;77,5%;Moderate;
21 Melrose;Sept-25;1358,7;2234,523528;60,8%;Poor;
21 Melrose;Oct-25;1601;2363,094413;67,8%;Poor;
21 Melrose;Nov-25;1444;2311,362174;62,5%;Poor;
21 Melrose;Dec-25;1375;2433,559933;56,5%;Poor;
21 Melrose;Jan-26;1549;2322,761546;66,7%;Poor;
21 Melrose;Feb-26;1362;2624,548621;51,9%;Poor;
21 Melrose;Mar-26;1237;2136,913072;57,9%;Poor;
21 Melrose;Apr-26;830;1832,811735;45,3%;Poor;
21 Melrose;May-26;1170;1781,605662;65,7%;Poor;
21 Melrose;Jun-26;1287;1591,498391;80,9%;Moderate;
21 Melrose;Jul-26;1638;1771,607792;92,5%;Expected;NO
21 Melrose;Aug-26;1374;2065,643847;66,5%;Poor;NO
21 Melrose;Sept-26;1161,6;2218,892532;52,4%;Poor;NO
21 Melrose;Oct-26;;2346,564035;;Inactive;
21 Melrose;Nov-26;;2295,193675;;Inactive;
21 Melrose;Dec-26;;2416,536632;;Inactive;
African Global Plastics;Jan-24;23024;22474,37212;102,4%;Expected;
African Global Plastics;Feb-24;23235;19737,86119;117,7%;Expected;
African Global Plastics;Mar-24;23235;20088,04043;115,7%;Expected;
African Global Plastics;Apr-24;19307;16704,70422;115,6%;Expected;
African Global Plastics;May-24;18418;15905,57565;115,8%;Expected;
African Global Plastics;Jun-24;15949;14298,847;111,5%;Expected;
African Global Plastics;Jul-24;17174;15822,84016;108,5%;Expected;
African Global Plastics;Aug-24;13588;18417,58718;73,8%;Moderate;
African Global Plastics;Sept-24;20254;20271,34637;99,9%;Expected;
African Global Plastics;Oct-24;27693;22162,39067;125,0%;Expected;
African Global Plastics;Nov-24;24041;22347,64979;107,6%;Expected;
African Global Plastics;Dec-24;25076;23581,70055;106,3%;Expected;
African Global Plastics;Jan-25;22439;22316,72961;100,5%;Expected;
African Global Plastics;Feb-25;14790;19599,41345;75,5%;Moderate;
African Global Plastics;Mar-25;15371;19947,52006;77,1%;Moderate;
African Global Plastics;Apr-25;13930;16587,85105;84,0%;Moderate;
African Global Plastics;May-25;15263;15794,31256;96,6%;Expected;
African Global Plastics;Jun-25;11722,16;14198,82334;82,6%;Moderate;
African Global Plastics;Jul-25;3209;15712,15582;20,4%;Poor;
African Global Plastics;Aug-25;11143;18288,752;60,9%;Poor;
African Global Plastics;Sept-25;11503;20129,54373;57,1%;Poor;
African Global Plastics;Oct-25;12856;22007,35975;58,4%;Poor;
African Global Plastics;Nov-25;11518;22191,32294;51,9%;Poor;
African Global Plastics;Dec-25;12208;23416,74124;52,1%;Poor;
African Global Plastics;Jan-26;14027;22160,61905;63,3%;Poor;
African Global Plastics;Feb-26;12261;19462,31113;63,0%;Poor;
African Global Plastics;Mar-26;10788;19807,98266;54,5%;Poor;
African Global Plastics;Apr-26;9392,09;16471,81529;57,0%;Poor;
African Global Plastics;May-26;11425,9;15683,82778;72,9%;Moderate;
African Global Plastics;Jun-26;10184,42;14099,49937;72,2%;Moderate;
African Global Plastics;Jul-26;13136,5304;15602,24575;84,2%;Moderate;NO
African Global Plastics;Aug-26;13435,047;18160,81806;74,0%;Moderate;NO
African Global Plastics;Sept-26;12622,0164;19988,73303;63,1%;Poor;NO
African Global Plastics;Oct-26;;21853,41331;;Inactive;
African Global Plastics;Nov-26;;22036,08963;;Inactive;
African Global Plastics;Dec-26;;23252,93585;;Inactive;
Alpine Heath Residential ;Jan-24;;4801,5;;Inactive;
Alpine Heath Residential ;Feb-24;;4303,8;;Inactive;
Alpine Heath Residential ;Mar-24;;4545,9;;Inactive;
Alpine Heath Residential ;Apr-24;;4619,7;;Inactive;
Alpine Heath Residential ;May-24;;4990,5;;Inactive;
Alpine Heath Residential ;Jun-24;;4761,9;;Inactive;
Alpine Heath Residential ;Jul-24;;4680,9;;Inactive;
Alpine Heath Residential ;Aug-24;;5249,7;;Inactive;
Alpine Heath Residential ;Sept-24;;4694,4;;Inactive;
Alpine Heath Residential ;Oct-24;;4732,2;;Inactive;
Alpine Heath Residential ;Nov-24;;4822,2;;Inactive;
Alpine Heath Residential ;Dec-24;;4805,1;;Inactive;
Alpine Heath Residential ;Jan-25;2400;4801,5;50,0%;Poor;
Alpine Heath Residential ;Feb-25;3000;4301,234827;69,7%;Poor;
Alpine Heath Residential ;Mar-25;3144;4540,744654;69,2%;Poor;
Alpine Heath Residential ;Apr-25;2310;4611,710626;50,1%;Poor;
Alpine Heath Residential ;May-25;3866;4978,995797;77,6%;Moderate;
Alpine Heath Residential ;Jun-25;3102;4748,091101;65,3%;Poor;
Alpine Heath Residential ;Jul-25;;4664,633858;;Inactive;
Alpine Heath Residential ;Aug-25;4721;5228,339197;90,3%;Expected;
Alpine Heath Residential ;Sept-25;4200;4672,512093;89,9%;Moderate;
Alpine Heath Residential ;Oct-25;3499;4707,419023;74,3%;Moderate;
Alpine Heath Residential ;Nov-25;4045;4794,088622;84,4%;Moderate;
Alpine Heath Residential ;Dec-25;4277;4774,332864;89,6%;Moderate;
Alpine Heath Residential ;Jan-26;3071;4767,912424;64,4%;Poor;
Alpine Heath Residential ;Feb-26;3013;4271,146719;70,5%;Moderate;
Alpine Heath Residential ;Mar-26;2340,8;4508,981121;51,9%;Poor;
Alpine Heath Residential ;Apr-26;1505,4;4579,45067;32,9%;Poor;
Alpine Heath Residential ;May-26;1467;4944,166598;29,7%;Poor;
Alpine Heath Residential ;Jun-26;2778;4714,877133;58,9%;Poor;
Alpine Heath Residential ;Jul-26;2644;4632,003692;57,1%;Poor;NO
Alpine Heath Residential ;Aug-26;2758;5191,765785;53,1%;Poor;NO
Alpine Heath Residential ;Sept-26;2338;4639,826817;50,4%;Poor;NO
Alpine Heath Residential ;Oct-26;;4674,489565;;Inactive;
Alpine Heath Residential ;Nov-26;;4760,55289;;Inactive;
Alpine Heath Residential ;Dec-26;;4740,935329;;Inactive;
BP Parys ;Jan-24;;8151,3;;Inactive;
BP Parys ;Feb-24;;7235,1;;Inactive;
BP Parys ;Mar-24;;7075,8;;Inactive;
BP Parys ;Apr-24;;5754,6;;Inactive;
BP Parys ;May-24;;5424,3;;Inactive;
BP Parys ;Jun-24;;4787,1;;Inactive;
BP Parys ;Jul-24;;5360,4;;Inactive;
BP Parys ;Aug-24;;6363;;Inactive;
BP Parys ;Sept-24;;7218,9;;Inactive;
BP Parys ;Oct-24;;7839;;Inactive;
BP Parys ;Nov-24;;8191,8;;Inactive;
BP Parys ;Dec-24;;8225,110361;;Inactive;
BP Parys ;Jan-25;5900;8143,778578;72,4%;Moderate;
BP Parys ;Feb-25;4277;7224,115658;59,2%;Poor;
BP Parys ;Mar-25;4770;7061,253958;67,6%;Poor;
BP Parys ;Apr-25;3375;5739,347173;58,8%;Poor;
BP Parys ;May-25;3507;5406,802183;64,9%;Poor;
BP Parys ;Jun-25;2400;4768,813648;50,3%;Poor;
BP Parys ;Jul-25;2169;5336,843597;40,6%;Poor;
BP Parys ;Aug-25;968,6;6331,261807;15,3%;Poor;
BP Parys ;Sept-25;2001,5;7178,611454;27,9%;Poor;
BP Parys ;Oct-25;3111;7790,754356;39,9%;Poor;
BP Parys ;Nov-25;1605;8136,530557;19,7%;Poor;
BP Parys ;Dec-25;;8167,573859;;Inactive;
BP Parys ;Jan-26;;8086,81101;;Inactive;
BP Parys ;Feb-26;6068;7173,58134;84,6%;Moderate;
BP Parys ;Mar-26;4800;7011,858894;68,5%;Poor;
BP Parys ;Apr-26;4318;5699,199145;75,8%;Moderate;
BP Parys ;May-26;3727,7;5368,980383;69,4%;Poor;
BP Parys ;Jun-26;3149;4735,454721;66,5%;Poor;
Alpine Heath Resort;Jul-26;27942;28016,69385;99,7%;Expected;NO
BP Parys ;Aug-26;3313;6286,973203;52,7%;Poor;YES
Alpine Heath Resort;Sept-26;21788;28181,7251;77,3%;Moderate;NO
BP Parys ;Oct-26;;7736,256272;;Inactive;
BP Parys ;Nov-26;;8079,61369;;Inactive;
BP Parys ;Dec-26;;8110,439838;;Inactive;
Bendstore Plaza Shops;Jan-24;7453;16142,54244;46,2%;Poor;
Bendstore Plaza Shops;Feb-24;10174;13875,56013;73,3%;Moderate;
Bendstore Plaza Shops;Mar-24;12197;15331,71939;79,6%;Moderate;
Bendstore Plaza Shops;Apr-24;9850;14750,67977;66,8%;Poor;
Bendstore Plaza Shops;May-24;10329;14272,45578;72,4%;Moderate;
Bendstore Plaza Shops;Jun-24;9684;12916,21407;75,0%;Moderate;
Bendstore Plaza Shops;Jul-24;10193;13586,44673;75,0%;Moderate;
Bendstore Plaza Shops;Aug-24;9840;15174,91195;64,8%;Poor;
Bendstore Plaza Shops;Sept-24;3277;15246,48769;21,5%;Poor;
Bendstore Plaza Shops;Oct-24;12496;14635,06807;85,4%;Moderate;
Bendstore Plaza Shops;Nov-24;12909;14502,20119;89,0%;Moderate;
Bendstore Plaza Shops;Dec-24;12587;15932,40547;79,0%;Moderate;
Bendstore Plaza Shops;Jan-25;13816;16029,31343;86,2%;Moderate;
Bendstore Plaza Shops;Feb-25;11397;13778,23247;82,7%;Moderate;
Bendstore Plaza Shops;Mar-25;12740;15224,47056;83,7%;Moderate;
Bendstore Plaza Shops;Apr-25;9167;14647,49544;62,6%;Poor;
Bendstore Plaza Shops;May-25;9630;14172,61673;67,9%;Poor;
Bendstore Plaza Shops;Jun-25;9081,44;12825,86224;70,8%;Moderate;
Bendstore Plaza Shops;Jul-25;9450;13491,40647;70,0%;Moderate;
Bendstore Plaza Shops;Aug-25;10695;15068,76002;71,0%;Moderate;
Bendstore Plaza Shops;Sept-25;8585;15139,83507;56,7%;Poor;
Bendstore Plaza Shops;Oct-25;9077,9;14532,69247;62,5%;Poor;
Bendstore Plaza Shops;Nov-25;10382;14400,75502;72,1%;Moderate;
Bendstore Plaza Shops;Dec-25;13631;15820,9547;86,2%;Moderate;
Bendstore Plaza Shops;Jan-26;11296;15917,18477;71,0%;Moderate;
Bendstore Plaza Shops;Feb-26;11241,78046;13681,85062;82,2%;Moderate;
Bendstore Plaza Shops;Mar-26;10628;15117,97195;70,3%;Moderate;
Bendstore Plaza Shops;Apr-26;8541;14545,0329;58,7%;Poor;
Bendstore Plaza Shops;May-26;9564;14073,47608;68,0%;Poor;
Bendstore Plaza Shops;Jun-26;7968,17;12736,14244;62,6%;Poor;
Bendstore Plaza Shops;Jul-26;10351,41;13397,03104;77,3%;Moderate;NO
Bendstore Plaza Shops;Aug-26;11244,861;14963,35064;75,1%;Moderate;NO
Bendstore Plaza Shops;Sept-26;8314,17;15033,92851;55,3%;Poor;NO
Bendstore Plaza Shops;Oct-26;;14431,033;;Inactive;
Bendstore Plaza Shops;Nov-26;;14300,01849;;Inactive;
Bendstore Plaza Shops;Dec-26;;15710,28355;;Inactive;
Bendstore Spar;Jan-24;55000;51295,00045;107,2%;Expected;
Bendstore Spar;Feb-24;46799;44060,05318;106,2%;Expected;
Bendstore Spar;Mar-24;40582;48664,33806;83,4%;Moderate;
Bendstore Spar;Apr-24;39615;46749,99084;84,7%;Moderate;
Bendstore Spar;May-24;39494;45150,62946;87,5%;Moderate;
Bendstore Spar;Jun-24;35378;40808,75439;86,7%;Moderate;
Bendstore Spar;Jul-24;38293;42945,63748;89,2%;Moderate;
Bendstore Spar;Aug-24;38554;48050,69783;80,2%;Moderate;
Bendstore Spar;Sept-24;37782;48356,74345;78,1%;Moderate;
Bendstore Spar;Oct-24;47662;46485,32384;102,5%;Expected;
Bendstore Spar;Nov-24;48184;46099,43405;104,5%;Expected;
Bendstore Spar;Dec-24;44138;50295,74314;87,8%;Moderate;
Bendstore Spar;Jan-25;52262;50935,20074;102,6%;Expected;
Bendstore Spar;Feb-25;40904;43751,00173;93,5%;Expected;
Bendstore Spar;Mar-25;45751;48323,92004;94,7%;Expected;
Bendstore Spar;Apr-25;30758;46422,96411;66,3%;Poor;
Bendstore Spar;May-25;34925;44834,79063;77,9%;Moderate;
Bendstore Spar;Jun-25;29716,71;40523,28795;73,3%;Moderate;
Bendstore Spar;Jul-25;27958;42645,22306;65,6%;Poor;
Bendstore Spar;Aug-25;30682;47714,57236;64,3%;Poor;
Bendstore Spar;Sept-25;44171;48018,47713;92,0%;Expected;
Bendstore Spar;Oct-25;53279;46160,14852;115,4%;Expected;
Bendstore Spar;Nov-25;44434;45776,95811;97,1%;Expected;
Bendstore Spar;Dec-25;54661;49943,91308;109,4%;Expected;
Bendstore Spar;Jan-26;47457;50578,89752;93,8%;Expected;
Bendstore Spar;Feb-26;49608,85332;43444,9536;114,2%;Expected;
Bendstore Spar;Mar-26;41208;47985,88332;85,9%;Moderate;
Bendstore Spar;Apr-26;36936;46098,225;80,1%;Moderate;
Bendstore Spar;May-26;38743;44521,16115;87,0%;Moderate;
Bendstore Spar;Jun-26;31578,49;40239,81841;78,5%;Moderate;
Bendstore Spar;Jul-26;39160;42346,91011;92,5%;Expected;NO
Bendstore Spar;Aug-26;44122,4391;47380,79816;93,1%;Expected;NO
Bendstore Spar;Sept-26;36563,6;47682,57705;76,7%;Moderate;NO
Bendstore Spar;Oct-26;;45837,24787;;Inactive;
Bendstore Spar;Nov-26;;45456,73797;;Inactive;
Bendstore Spar;Dec-26;;49594,54414;;Inactive;
Beyerskloof;Jan-24;8244;13781,79785;59,8%;Poor;
Beyerskloof;Feb-24;7277;11348,66321;64,1%;Poor;
Beyerskloof;Mar-24;6614;10864,2715;60,9%;Poor;
Beyerskloof;Apr-24;4053;7811,506258;51,9%;Poor;
Beyerskloof;May-24;3743;5937,377401;63,0%;Poor;
Beyerskloof;Jun-24;3473;5148,939293;67,5%;Poor;
Beyerskloof;Jul-24;4260;5543,123446;76,9%;Moderate;
Beyerskloof;Aug-24;5497;6929,47838;79,3%;Moderate;
Beyerskloof;Sept-24;2600;8900,693235;29,2%;Poor;
Beyerskloof;Oct-24;8200;11251,00314;72,9%;Moderate;
Beyerskloof;Nov-24;6700;12634,18256;53,0%;Poor;
Beyerskloof;Dec-24;8100;13784,46479;58,8%;Poor;
Beyerskloof;Jan-25;9900;13685,12787;72,3%;Moderate;
Beyerskloof;Feb-25;9200;11269,06001;81,6%;Moderate;
Beyerskloof;Mar-25;4480;10788,27347;41,5%;Poor;
Beyerskloof;Apr-25;4096;7756,863009;52,8%;Poor;
Beyerskloof;May-25;3388;5895,844107;57,5%;Poor;
Beyerskloof;Jun-25;2306,13;5112,921301;45,1%;Poor;
Beyerskloof;Jul-25;2919;5504,348047;53,0%;Poor;
Beyerskloof;Aug-25;5355;6881,005116;77,8%;Moderate;
Beyerskloof;Sept-25;8600;8838,430878;97,3%;Expected;
Beyerskloof;Oct-25;10599;11172,29984;94,9%;Expected;
Beyerskloof;Nov-25;12569;12545,8036;100,2%;Expected;
Beyerskloof;Dec-25;13572;13688,03934;99,2%;Expected;
Beyerskloof;Jan-26;13416;13589,39731;98,7%;Expected;
Beyerskloof;Feb-26;10034,177;11190,2304;89,7%;Moderate;
Beyerskloof;Mar-26;10400;10712,80706;97,1%;Expected;
Beyerskloof;Apr-26;7344,6;7702,602003;95,4%;Expected;
Beyerskloof;May-26;5508,9;5854,601348;94,1%;Expected;
Beyerskloof;Jun-26;5030,25;5077,155263;99,1%;Expected;
Beyerskloof;Jul-26;5251,38;5465,843891;96,1%;Expected;NO
Beyerskloof;Aug-26;6385,91;6832,870933;93,5%;Expected;NO
Beyerskloof;Sept-26;8881,77;8776,60406;101,2%;Expected;NO
Beyerskloof;Oct-26;;11094,14708;;Inactive;
Beyerskloof;Nov-26;;12458,04288;;Inactive;
Beyerskloof;Dec-26;;13592,28842;;Inactive;
Buffalo Rock;Jan-24;;2197,688097;;Inactive;
Buffalo Rock;Feb-24;;1978,266284;;Inactive;
Buffalo Rock;Mar-24;;2120,695959;;Inactive;
Buffalo Rock;Apr-24;;1760,81404;;Inactive;
Buffalo Rock;May-24;;1624,498213;;Inactive;
Buffalo Rock;Jun-24;;1473,08704;;Inactive;
Buffalo Rock;Jul-24;;1603,798993;;Inactive;
Buffalo Rock;Aug-24;;1753,109629;;Inactive;
Buffalo Rock;Sept-24;;1855,758358;;Inactive;
Buffalo Rock;Oct-24;;1886,850168;;Inactive;
Buffalo Rock;Nov-24;;1820,546597;;Inactive;
Buffalo Rock;Dec-24;;1969,410874;;Inactive;
Buffalo Rock;Jan-25;;2182,272803;;Inactive;
Buffalo Rock;Feb-25;;1964,390085;;Inactive;
Buffalo Rock;Mar-25;;2105,861212;;Inactive;
Buffalo Rock;Apr-25;;1748,496748;;Inactive;
Buffalo Rock;May-25;;1613,134482;;Inactive;
Buffalo Rock;Jun-25;;1462,782464;;Inactive;
Buffalo Rock;Jul-25;;1592,580058;;Inactive;
Buffalo Rock;Aug-25;;1740,846231;;Inactive;
Buffalo Rock;Sept-25;;1842,77691;;Inactive;
Buffalo Rock;Oct-25;1109;1873,651226;59,2%;Poor;
Buffalo Rock;Nov-25;;1807,811463;;Inactive;
Buffalo Rock;Dec-25;;1955,634401;;Inactive;
Buffalo Rock;Jan-26;;2167,007312;;Inactive;
Buffalo Rock;Feb-26;;1950,648733;;Inactive;
Buffalo Rock;Mar-26;;2091,130238;;Inactive;
Buffalo Rock;Apr-26;;1736,265619;;Inactive;
Buffalo Rock;May-26;;1601,850242;;Inactive;
Buffalo Rock;Jun-26;;1452,54997;;Inactive;
BP Parys ;Jul-26;3615;5299,511173;68,2%;Poor;NO
Buffalo Rock;Aug-26;926;1728,668619;53,6%;Poor;YES
BP Parys ;Sept-26;4204,16;7128,395448;59,0%;Poor;NO
Buffalo Rock;Oct-26;;1860,544613;;Inactive;
Buffalo Rock;Nov-26;;1795,165414;;Inactive;
Buffalo Rock;Dec-26;;1941,954297;;Inactive;
Checkers De Aar;Jan-24;;26689,5;;Inactive;
Checkers De Aar;Feb-24;;20674,8;;Inactive;
Checkers De Aar;Mar-24;;20095,2;;Inactive;
Checkers De Aar;Apr-24;;16286,4;;Inactive;
Checkers De Aar;May-24;;13518,9;;Inactive;
Checkers De Aar;Jun-24;;11864,7;;Inactive;
Checkers De Aar;Jul-24;;13582,56781;;Inactive;
Checkers De Aar;Aug-24;;17090,58333;;Inactive;
Checkers De Aar;Sept-24;;19473,98857;;Inactive;
Checkers De Aar;Oct-24;;24027,17355;;Inactive;
Checkers De Aar;Nov-24;;25815,81351;;Inactive;
Checkers De Aar;Dec-24;;27897,03481;;Inactive;
Checkers De Aar;Jan-25;31100;26582,43526;117,0%;Expected;
Checkers De Aar;Feb-25;23180;20579,58992;112,6%;Expected;
Checkers De Aar;Mar-25;20838;19991,8904;104,2%;Expected;
Checkers De Aar;Apr-25;16626;16193,01428;102,7%;Expected;
Checkers De Aar;May-25;15218;13433,62999;113,3%;Expected;
Checkers De Aar;Jun-25;12425,8;11782,83675;105,5%;Expected;
Checkers De Aar;Jul-25;13246;13487,55469;98,2%;Expected;
Checkers De Aar;Aug-25;16953;16971,03084;99,9%;Expected;
Checkers De Aar;Sept-25;19367;19337,76363;100,2%;Expected;
Checkers De Aar;Oct-25;25648,18;23859,09805;107,5%;Expected;
Checkers De Aar;Nov-25;26677;25635,22608;104,1%;Expected;
Checkers De Aar;Dec-25;30286;27701,88876;109,3%;Expected;
Checkers De Aar;Jan-26;30117;26396,48513;114,1%;Expected;
Checkers De Aar;Feb-26;22084;20435,63104;108,1%;Expected;
Checkers De Aar;Mar-26;22201;19852,04262;111,8%;Expected;
Checkers De Aar;Apr-26;16660,7;16079,74049;103,6%;Expected;
Checkers De Aar;May-26;13372,29;13339,65872;100,2%;Expected;
Checkers De Aar;Jun-26;9763,7;11700,41315;83,4%;Moderate;
Buffalo Rock;Jul-26;719;1581,439601;45,5%;Poor;NO
Checkers De Aar;Aug-26;12651,55;16852,31466;75,1%;Moderate;YES
Buffalo Rock;Sept-26;668,4;1829,88627;36,5%;Poor;NO
Checkers De Aar;Oct-26;;23692,19828;;Inactive;
Checkers De Aar;Nov-26;;25455,90189;;Inactive;
Checkers De Aar;Dec-26;;27508,1078;;Inactive;
Checkers Silverlakes Gen;Jan-24;;21105;;Inactive;
Checkers Silverlakes Gen;Feb-24;;18220,5;;Inactive;
Checkers Silverlakes Gen;Mar-24;;18368,1;;Inactive;
Checkers Silverlakes Gen;Apr-24;;15103,8;;Inactive;
Checkers Silverlakes Gen;May-24;;14130;;Inactive;
Checkers Silverlakes Gen;Jun-24;;12619,8;;Inactive;
Checkers Silverlakes Gen;Jul-24;;14002,2;;Inactive;
Checkers Silverlakes Gen;Aug-24;;16641,9;;Inactive;
Checkers Silverlakes Gen;Sept-24;;18626,4;;Inactive;
Checkers Silverlakes Gen;Oct-24;;20503,8;;Inactive;
Checkers Silverlakes Gen;Nov-24;;20601;;Inactive;
Checkers Silverlakes Gen;Dec-24;;22024,8;;Inactive;
Checkers Silverlakes Gen;Jan-25;;21105;;Inactive;
Checkers Silverlakes Gen;Feb-25;;18220,5;;Inactive;
Checkers Silverlakes Gen;Mar-25;17913;18368,1;97,5%;Expected;
Checkers Silverlakes Gen;Apr-25;14938;15103,8;98,9%;Expected;
Checkers Silverlakes Gen;May-25;18066;14130;127,9%;Expected;
Checkers Silverlakes Gen;Jun-25;12974,1;12619,8;102,8%;Expected;
Checkers Silverlakes Gen;Jul-25;13938;14002,2;99,5%;Expected;
Checkers Silverlakes Gen;Aug-25;18460;16641,9;110,9%;Expected;
Checkers Silverlakes Gen;Sept-25;17970;18626,4;96,5%;Expected;
Checkers Silverlakes Gen;Oct-25;22232;20503,8;108,4%;Expected;
Checkers Silverlakes Gen;Nov-25;17351;20601;84,2%;Moderate;
Checkers Silverlakes Gen;Dec-25;21073;22024,8;95,7%;Expected;
Checkers Silverlakes Gen;Jan-26;22123;21105;104,8%;Expected;
Checkers Silverlakes Gen;Feb-26;16600;18220,5;91,1%;Expected;
Checkers Silverlakes Gen;Mar-26;17500;18368,1;95,3%;Expected;
Checkers Silverlakes Gen;Apr-26;15400;15103,8;102,0%;Expected;
Checkers Silverlakes Gen;May-26;15615;14130;110,5%;Expected;
Checkers Silverlakes Gen;Jun-26;12373,57;12619,8;98,0%;Expected;
Checkers De Aar;Jul-26;8756,05;13393,2062;65,4%;Poor;YES
Checkers Silverlakes Gen;Aug-26;15825;16641,9;95,1%;Expected;NO
Checkers De Aar;Sept-26;15296,73;19202,49161;79,7%;Moderate;NO
Checkers Silverlakes Gen;Oct-26;;20503,8;;Inactive;
Checkers Silverlakes Gen;Nov-26;;20601;;Inactive;
Checkers Silverlakes Gen;Dec-26;;22024,8;;Inactive;
Checkers Silverlakes No Gen;Jan-24;;21105;;Inactive;
Checkers Silverlakes No Gen;Feb-24;;18220,5;;Inactive;
Checkers Silverlakes No Gen;Mar-24;;18368,1;;Inactive;
Checkers Silverlakes No Gen;Apr-24;;15103,8;;Inactive;
Checkers Silverlakes No Gen;May-24;;14130;;Inactive;
Checkers Silverlakes No Gen;Jun-24;;12619,8;;Inactive;
Checkers Silverlakes No Gen;Jul-24;;14002,2;;Inactive;
Checkers Silverlakes No Gen;Aug-24;;16641,9;;Inactive;
Checkers Silverlakes No Gen;Sept-24;;18626,4;;Inactive;
Checkers Silverlakes No Gen;Oct-24;;20503,8;;Inactive;
Checkers Silverlakes No Gen;Nov-24;;20601;;Inactive;
Checkers Silverlakes No Gen;Dec-24;;22024,8;;Inactive;
Checkers Silverlakes No Gen;Jan-25;;21105;;Inactive;
Checkers Silverlakes No Gen;Feb-25;;18220,5;;Inactive;
Checkers Silverlakes No Gen;Mar-25;16558;18368,1;90,1%;Expected;
Checkers Silverlakes No Gen;Apr-25;13087;15103,8;86,6%;Moderate;
Checkers Silverlakes No Gen;May-25;15171;14130;107,4%;Expected;
Checkers Silverlakes No Gen;Jun-25;9655,7;12619,8;76,5%;Moderate;
Checkers Silverlakes No Gen;Jul-25;10531,6;14002,2;75,2%;Moderate;
Checkers Silverlakes No Gen;Aug-25;14730;16641,9;88,5%;Moderate;
Checkers Silverlakes No Gen;Sept-25;12165;18626,4;65,3%;Poor;
Checkers Silverlakes No Gen;Oct-25;20277;20503,8;98,9%;Expected;
Checkers Silverlakes No Gen;Nov-25;15371;20601;74,6%;Moderate;
Checkers Silverlakes No Gen;Dec-25;13568;22024,8;61,6%;Poor;
Checkers Silverlakes No Gen;Jan-26;21287;21105;100,9%;Expected;
Checkers Silverlakes No Gen;Feb-26;19200;18220,5;105,4%;Expected;
Checkers Silverlakes No Gen;Mar-26;16030;18368,1;87,3%;Moderate;
Checkers Silverlakes No Gen;Apr-26;13700;15103,8;90,7%;Expected;
Checkers Silverlakes No Gen;May-26;13287;14130;94,0%;Expected;
Checkers Silverlakes No Gen;Jun-26;10602,24;12619,8;84,0%;Moderate;
Checkers Lichtenburg;Jul-26;16617,1608;18234,67885;91,1%;Expected;YES
Checkers Silverlakes No Gen;Aug-26;18200;16641,9;109,4%;Expected;NO
Checkers Lichtenburg;Sept-26;18541,7396;23596,94404;78,6%;Moderate;NO
Checkers Silverlakes No Gen;Oct-26;;20503,8;;Inactive;
Checkers Silverlakes No Gen;Nov-26;;20601;;Inactive;
Checkers Silverlakes No Gen;Dec-26;;22024,8;;Inactive;
Checkrite Inanda;Jan-24;;8664,3;;Inactive;
Checkrite Inanda;Feb-24;;8100;;Inactive;
Checkrite Inanda;Mar-24;;7805,7;;Inactive;
Checkrite Inanda;Apr-24;;6534;;Inactive;
Checkrite Inanda;May-24;;5592,6;;Inactive;
Checkrite Inanda;Jun-24;;5059,8;;Inactive;
Checkrite Inanda;Jul-24;;5371,790055;;Inactive;
Checkrite Inanda;Aug-24;;6481,160584;;Inactive;
Checkrite Inanda;Sept-24;;6906,061316;;Inactive;
Checkrite Inanda;Oct-24;;8018,735792;;Inactive;
Checkrite Inanda;Nov-24;;7993,306525;;Inactive;
Checkrite Inanda;Dec-24;;8521,694426;;Inactive;
Checkrite Inanda;Jan-25;8900;8633,195254;103,1%;Expected;
Checkrite Inanda;Feb-25;5390;8066,110614;66,8%;Poor;
Checkrite Inanda;Mar-25;5378;7768,857227;69,2%;Poor;
Checkrite Inanda;Apr-25;3410;6499,283584;52,5%;Poor;
Checkrite Inanda;May-25;3628;5559,676731;65,3%;Poor;
Checkrite Inanda;Jun-25;5836;5027,015275;116,1%;Expected;
Checkrite Inanda;Jul-25;6830;5334,213172;128,0%;Expected;
Checkrite Inanda;Aug-25;7659;6435,823404;119,0%;Expected;
Checkrite Inanda;Sept-25;5799;6857,75186;84,6%;Moderate;
Checkrite Inanda;Oct-25;6484,6;7962,642926;81,4%;Moderate;
Checkrite Inanda;Nov-25;7636;7937,391543;96,2%;Expected;
Checkrite Inanda;Dec-25;7000;8462,083252;82,7%;Moderate;
Checkrite Inanda;Jan-26;6305;8572,804106;73,5%;Moderate;
Checkrite Inanda;Feb-26;4373,4359;8009,68635;54,6%;Poor;
Checkrite Inanda;Mar-26;4958;7714,512319;64,3%;Poor;
Checkrite Inanda;Apr-26;6980,52;6453,819629;108,2%;Expected;
Checkrite Inanda;May-26;6633,98;5520,785538;120,2%;Expected;
Checkrite Inanda;Jun-26;5387,22;4991,85017;107,9%;Expected;
Checkers Silverlakes Gen;Jul-26;16600;14002,2;118,6%;Expected;NO
Checkrite Inanda;Aug-26;6595,107;6390,803368;103,2%;Expected;NO
Checkers Silverlakes Gen;Sept-26;18200;18626,4;97,7%;Expected;NO
Checkrite Inanda;Oct-26;;7906,942443;;Inactive;
Checkrite Inanda;Nov-26;;7881,867699;;Inactive;
Checkrite Inanda;Dec-26;;8402,889071;;Inactive;
Club Houghton;Jan-24;3578;5698,072799;62,8%;Poor;
Club Houghton;Feb-24;3594;4767,780896;75,4%;Moderate;
Club Houghton;Mar-24;3674;4848,612029;75,8%;Moderate;
Club Houghton;Apr-24;3533;4092,988599;86,3%;Moderate;
Club Houghton;May-24;3191;3881,261417;82,2%;Moderate;
Club Houghton;Jun-24;2884;3411,701084;84,5%;Moderate;
Club Houghton;Jul-24;3894;3814,683324;102,1%;Expected;
Club Houghton;Aug-24;4058;4487,219473;90,4%;Expected;
Club Houghton;Sept-24;3726;4950,080928;75,3%;Moderate;
Club Houghton;Oct-24;4063;5516,868711;73,6%;Moderate;
Club Houghton;Nov-24;3998;5610,821797;71,3%;Moderate;
Club Houghton;Dec-24;3593;5916,811057;60,7%;Poor;
Club Houghton;Jan-25;3726;5658,104675;65,9%;Poor;
Club Houghton;Feb-25;3060;4734,33814;64,6%;Poor;
Club Houghton;Mar-25;3350;4814,694894;69,6%;Poor;
Club Houghton;Apr-25;2383;4064,357221;58,6%;Poor;
Club Houghton;May-25;3026;3854,111118;78,5%;Moderate;
Club Houghton;Jun-25;2637,9;3387,835465;77,9%;Moderate;
Club Houghton;Jul-25;2506;3787,998753;66,2%;Poor;
Club Houghton;Aug-25;2144;4455,830361;48,1%;Poor;
Club Houghton;Sept-25;2520;4915,453995;51,3%;Poor;
Club Houghton;Oct-25;2989;5478,27697;54,6%;Poor;
Club Houghton;Nov-25;2384;5571,572833;42,8%;Poor;
Club Houghton;Dec-25;2166;5875,421629;36,9%;Poor;
Club Houghton;Jan-26;2756;5618,524956;49,1%;Poor;
Club Houghton;Feb-26;1526;4701,220377;32,5%;Poor;
Club Houghton;Mar-26;1909;4781,015017;39,9%;Poor;
Club Houghton;Apr-26;2191;4035,926125;54,3%;Poor;
Club Houghton;May-26;2313;3827,150741;60,4%;Poor;
Club Houghton;Jun-26;1184;3364,136792;35,2%;Poor;
Checkers Silverlakes No Gen;Jul-26;14345;14002,2;102,4%;Expected;NO
Club Houghton;Aug-26;4021;4424,660822;90,9%;Expected;NO
Checkers Silverlakes No Gen;Sept-26;16232;18626,4;87,1%;Moderate;NO
Club Houghton;Oct-26;;5439,955186;;Inactive;
Club Houghton;Nov-26;;5532,598425;;Inactive;
Club Houghton;Dec-26;;5834,321729;;Inactive;
Coldstar International;Jan-24;5665;4836,276291;117,1%;Expected;
Coldstar International;Feb-24;3554;4437,825959;80,1%;Moderate;
Coldstar International;Mar-24;1;4487,002383;0,0%;Poor;
Coldstar International;Apr-24;1;3751,42325;0,0%;Poor;
Coldstar International;May-24;1;3470,788943;0,0%;Poor;
Coldstar International;Jun-24;3309;3139,191004;105,4%;Expected;
Coldstar International;Jul-24;2293;3361,986788;68,2%;Poor;
Coldstar International;Aug-24;1967;3793,628931;51,9%;Poor;
Coldstar International;Sept-24;3009;3740,902043;80,4%;Moderate;
Coldstar International;Oct-24;4500;4164,115891;108,1%;Expected;
Coldstar International;Nov-24;3918;4256,521932;92,0%;Expected;
Coldstar International;Dec-24;2583;4963,189088;52,0%;Poor;
Coldstar International;Jan-25;3426;4802,353086;71,3%;Moderate;
Coldstar International;Feb-25;3380,46;4406,697614;76,7%;Moderate;
Coldstar International;Mar-25;3717;4455,61479;83,4%;Moderate;
Coldstar International;Apr-25;2027;3725,181198;54,4%;Poor;
Coldstar International;May-25;3199;3446,509992;92,8%;Expected;
Coldstar International;Jun-25;2899,41;3117,231654;93,0%;Expected;
Coldstar International;Jul-25;3705;3338,468932;111,0%;Expected;
Coldstar International;Aug-25;4242;3767,091641;112,6%;Expected;
Coldstar International;Sept-25;3928;3714,733589;105,7%;Expected;
Coldstar International;Oct-25;4810;4134,986961;116,3%;Expected;
Coldstar International;Nov-25;5556;4226,746601;131,4%;Expected;
Coldstar International;Dec-25;5696;4928,47046;115,6%;Expected;
Coldstar International;Jan-26;5960;4768,759543;125,0%;Expected;
Coldstar International;Feb-26;5548;4375,87177;126,8%;Expected;
Coldstar International;Mar-26;5036;4424,446759;113,8%;Expected;
Coldstar International;Apr-26;4183;3699,122715;113,1%;Expected;
Coldstar International;May-26;4320;3422,400877;126,2%;Expected;
Coldstar International;Jun-26;3510;3095,425916;113,4%;Expected;
Checkrite Inanda;Jul-26;5573,8;5296,899147;105,2%;Expected;NO
Coldstar International;Aug-26;4690;3740,739986;125,4%;Expected;NO
Checkrite Inanda;Sept-26;5791,73;6809,780339;85,1%;Moderate;NO
Coldstar International;Oct-26;;4106,061795;;Inactive;
Coldstar International;Nov-26;;4197,179555;;Inactive;
Coldstar International;Dec-26;;4893,994698;;Inactive;
Cultura Fresh;Jan-24;;11798,1;;Inactive;
Cultura Fresh;Feb-24;;10269,9;;Inactive;
Cultura Fresh;Mar-24;;10571,4;;Inactive;
Cultura Fresh;Apr-24;;8335,8;;Inactive;
Cultura Fresh;May-24;;6723,9;;Inactive;
Cultura Fresh;Jun-24;;5859,9;;Inactive;
Cultura Fresh;Jul-24;;6453;;Inactive;
Cultura Fresh;Aug-24;;7491,6;;Inactive;
Cultura Fresh;Sept-24;;8859,498304;;Inactive;
Cultura Fresh;Oct-24;;10350,34727;;Inactive;
Cultura Fresh;Nov-24;;10954,24483;;Inactive;
Cultura Fresh;Dec-24;;11604,33502;;Inactive;
Cultura Fresh;Jan-25;;11764,33953;;Inactive;
Cultura Fresh;Feb-25;;10234,4089;;Inactive;
Cultura Fresh;Mar-25;;10529,1954;;Inactive;
Cultura Fresh;Apr-25;;8297,572161;;Inactive;
Cultura Fresh;May-25;;6689,203721;;Inactive;
Cultura Fresh;Jun-25;;5826,187459;;Inactive;
Cultura Fresh;Jul-25;;6412,174598;;Inactive;
Cultura Fresh;Aug-25;;7439,766883;;Inactive;
Cultura Fresh;Sept-25;8715;8797,524115;99,1%;Expected;
Cultura Fresh;Oct-25;11487,6;10277,94426;111,8%;Expected;
Cultura Fresh;Nov-25;11643;10877,61741;107,0%;Expected;
Cultura Fresh;Dec-25;11559;11523,16008;100,3%;Expected;
Cultura Fresh;Jan-26;12880;11682,04532;110,3%;Expected;
Cultura Fresh;Feb-26;9660;10162,8169;95,1%;Expected;
Cultura Fresh;Mar-26;9967;10455,54131;95,3%;Expected;
Cultura Fresh;Apr-26;4183;8239,528773;50,8%;Poor;
Cultura Fresh;May-26;;6642,411233;;Inactive;
Cultura Fresh;Jun-26;;5785,431964;;Inactive;
Club Houghton;Jul-26;3646;3761,500848;96,9%;Expected;NO
Cultura Fresh;Aug-26;;7387,724035;;Inactive;YES
Club Houghton;Sept-26;3663;4881,069286;75,0%;Moderate;YES
Cultura Fresh;Oct-26;;10206,04772;;Inactive;
Cultura Fresh;Nov-26;;10801,52603;;Inactive;
Cultura Fresh;Dec-26;;11442,55297;;Inactive;
Demco;Jan-24;;33516;;Inactive;
Demco;Feb-24;;28776,8;;Inactive;
Demco;Mar-24;;29186,4;;Inactive;
Demco;Apr-24;;24678,4;;Inactive;
Demco;May-24;;23380,8;;Inactive;
Demco;Jun-24;;20986,4;;Inactive;
Demco;Jul-24;;23248,93931;;Inactive;
Demco;Aug-24;;27282,77775;;Inactive;
Demco;Sept-24;;30267,72657;;Inactive;
Demco;Oct-24;;32956,7449;;Inactive;
Demco;Nov-24;;33127,00084;;Inactive;
Demco;Dec-24;;34953,95434;;Inactive;
Demco;Jan-25;17200;33388,61361;51,5%;Poor;
Demco;Feb-25;15760;28650,33968;55,0%;Poor;
Demco;Mar-25;15700;29042,49592;54,1%;Poor;
Demco;Apr-25;10223;24542,08628;41,7%;Poor;
Demco;May-25;14225;23238,24206;61,2%;Poor;
Demco;Jun-25;14376,5;20846,00909;69,0%;Poor;
Demco;Jul-25;15177,99;23086,30774;65,7%;Poor;
Demco;Aug-25;16924;27091,92856;62,5%;Poor;
Demco;Sept-25;16705;30055,997;55,6%;Poor;
Demco;Oct-25;21308,4;32726,20503;65,1%;Poor;
Demco;Nov-25;12744;32895,27;38,7%;Poor;
Demco;Dec-25;7631;34709,44354;22,0%;Poor;
Demco;Jan-26;7744,97;33155,05273;23,4%;Poor;
Demco;Feb-26;13221;28449,92409;46,5%;Poor;
Demco;Mar-26;14695;28839,33711;51,0%;Poor;
Demco;Apr-26;14798,11;24370,40885;60,7%;Poor;
Demco;May-26;13154,32;23075,68531;57,0%;Poor;
Demco;Jun-26;11956,63;20700,18656;57,8%;Poor;
Coldstar International;Jul-26;3547;3315,115589;107,0%;Expected;NO
Demco;Aug-26;14955;26902,41441;55,6%;Poor;NO
Coldstar International;Sept-26;3940,14;3688,74819;106,8%;Expected;NO
Demco;Oct-26;;32497,27785;;Inactive;
Demco;Nov-26;;32665,16016;;Inactive;
Demco;Dec-26;;34466,64316;;Inactive;
Engen Lotus Gardens;Jan-24;;2461,5;;Inactive;
Engen Lotus Gardens;Feb-24;;2300,4;;Inactive;
Engen Lotus Gardens;Mar-24;;2281,5;;Inactive;
Engen Lotus Gardens;Apr-24;;2197,8;;Inactive;
Engen Lotus Gardens;May-24;;2226,6;;Inactive;
Engen Lotus Gardens;Jun-24;;2480,4;;Inactive;
Engen Lotus Gardens;Jul-24;;2349,9;;Inactive;
Engen Lotus Gardens;Aug-24;;2520;;Inactive;
Engen Lotus Gardens;Sept-24;;2436,3;;Inactive;
Engen Lotus Gardens;Oct-24;;2425,5;;Inactive;
Engen Lotus Gardens;Nov-24;;2356,2;;Inactive;
Engen Lotus Gardens;Dec-24;;2437,2;;Inactive;
Engen Lotus Gardens;Jan-25;;2461,5;;Inactive;
Engen Lotus Gardens;Feb-25;;2300,4;;Inactive;
Engen Lotus Gardens;Mar-25;;2281,5;;Inactive;
Engen Lotus Gardens;Apr-25;;2197,8;;Inactive;
Engen Lotus Gardens;May-25;;2226,6;;Inactive;
Engen Lotus Gardens;Jun-25;;2480,4;;Inactive;
Engen Lotus Gardens;Jul-25;;2349,9;;Inactive;
Engen Lotus Gardens;Aug-25;;2520;;Inactive;
Engen Lotus Gardens;Sept-25;;2436,3;;Inactive;
Engen Lotus Gardens;Oct-25;;2425,5;;Inactive;
Engen Lotus Gardens;Nov-25;;2355,701585;;Inactive;
Engen Lotus Gardens;Dec-25;;2435,278961;;Inactive;
Engen Lotus Gardens;Jan-26;3245;2458,093848;132,0%;Expected;
Engen Lotus Gardens;Feb-26;3122;2295,847575;136,0%;Expected;
Engen Lotus Gardens;Mar-26;2817;2275,759138;123,8%;Expected;
Engen Lotus Gardens;Apr-26;2735,53;2190,963102;124,9%;Expected;
Engen Lotus Gardens;May-26;3239,91;2218,393195;146,0%;Expected;
Engen Lotus Gardens;Jun-26;2723;2469,784807;110,3%;Expected;
Cultura Fresh;Jul-26;0;6367,31999;0,0%;Poor;YES
Engen Lotus Gardens;Aug-26;3368,28;2506,273315;134,4%;Expected;NO
Cultura Fresh;Sept-26;;8735,983449;;Inactive;NO
Engen Lotus Gardens;Oct-26;;2409,459694;;Inactive;
Engen Lotus Gardens;Nov-26;;2339,222921;;Inactive;
Engen Lotus Gardens;Dec-26;;2418,243636;;Inactive;
Giba Gorge Main;Jan-24;9736;13373,25385;72,8%;Moderate;
Giba Gorge Main;Feb-24;8912;12244,89767;72,8%;Moderate;
Giba Gorge Main;Mar-24;9597;12529,9285;76,6%;Moderate;
Giba Gorge Main;Apr-24;7950;10753,24889;73,9%;Moderate;
Giba Gorge Main;May-24;7482;9705,367136;77,1%;Moderate;
Giba Gorge Main;Jun-24;6656;9065,068531;73,4%;Moderate;
Giba Gorge Main;Jul-24;11170;9571,160807;116,7%;Expected;
Giba Gorge Main;Aug-24;11290;10610,94135;106,4%;Expected;
Giba Gorge Main;Sept-24;8578;10696,01986;80,2%;Moderate;
Giba Gorge Main;Oct-24;12704;11882,10328;106,9%;Expected;
Giba Gorge Main;Nov-24;5700;12063,78831;47,2%;Poor;
Giba Gorge Main;Dec-24;;13179,67125;;Inactive;
Giba Gorge Main;Jan-25;;13279,44953;;Inactive;
Giba Gorge Main;Feb-25;;12159,008;;Inactive;
Giba Gorge Main;Mar-25;6684;12442,27883;53,7%;Poor;
Giba Gorge Main;Apr-25;3992;10678,02748;37,4%;Poor;
Giba Gorge Main;May-25;6009;9637,475903;62,4%;Poor;
Giba Gorge Main;Jun-25;5530,9;9001,656332;61,4%;Poor;
Giba Gorge Main;Jul-25;6694;9504,208379;70,4%;Moderate;
Giba Gorge Main;Aug-25;7750;10536,71542;73,6%;Moderate;
Giba Gorge Main;Sept-25;7031;10621,19879;66,2%;Poor;
Giba Gorge Main;Oct-25;9805;11798,98528;83,1%;Moderate;
Giba Gorge Main;Nov-25;9365;11979,39939;78,2%;Moderate;
Giba Gorge Main;Dec-25;5379;13087,47648;41,1%;Poor;
Giba Gorge Main;Jan-26;4979,16;13186,55678;37,8%;Poor;
Giba Gorge Main;Feb-26;2172,67;12073,95299;18,0%;Poor;
Giba Gorge Main;Mar-26;350;12355,24228;2,8%;Poor;
Giba Gorge Main;Apr-26;194,99;10603,33227;1,8%;Poor;
Giba Gorge Main;May-26;;9570,059586;;Inactive;
Giba Gorge Main;Jun-26;3521;8938,687716;39,4%;Poor;
Demco;Jul-26;12633;22924,81381;55,1%;Poor;NO
Giba Gorge Main;Aug-26;4981;10463,00872;47,6%;Poor;NO
Demco;Sept-26;18244,51;29845,74852;61,1%;Poor;NO
Giba Gorge Main;Oct-26;;11716,44872;;Inactive;
Giba Gorge Main;Nov-26;;11895,60079;;Inactive;
Giba Gorge Main;Dec-26;;12995,92663;;Inactive;
Giba Gorge Storage;Jan-24;4830;11208,0006;43,1%;Poor;
Giba Gorge Storage;Feb-24;7231;9980,277179;72,5%;Moderate;
Giba Gorge Storage;Mar-24;5436;10223,3279;53,2%;Poor;
Giba Gorge Storage;Apr-24;5158;8689,87152;59,4%;Poor;
Giba Gorge Storage;May-24;3827;7821,949676;48,9%;Poor;
Giba Gorge Storage;Jun-24;3220;7228,909397;44,5%;Poor;
Giba Gorge Storage;Jul-24;5497;7716,096496;71,2%;Moderate;
Giba Gorge Storage;Aug-24;4475;8587,588454;52,1%;Poor;
Giba Gorge Storage;Sept-24;1847;8776,118157;21,0%;Poor;
Giba Gorge Storage;Oct-24;1575;9751,738538;16,2%;Poor;
Giba Gorge Storage;Nov-24;5700;9796,735367;58,2%;Poor;
Giba Gorge Storage;Dec-24;1938;10878,6429;17,8%;Poor;
Giba Gorge Storage;Jan-25;5227;11129,38406;47,0%;Poor;
Giba Gorge Storage;Feb-25;5137;9910,27229;51,8%;Poor;
Giba Gorge Storage;Mar-25;5031;10151,81341;49,6%;Poor;
Giba Gorge Storage;Apr-25;3147;8629,083908;36,5%;Poor;
Giba Gorge Storage;May-25;4797;7767,233373;61,8%;Poor;
Giba Gorge Storage;Jun-25;3255,49;7178,341545;45,4%;Poor;
Giba Gorge Storage;Jul-25;5212;7662,120661;68,0%;Poor;
Giba Gorge Storage;Aug-25;1743,88;8527,516336;20,5%;Poor;
Giba Gorge Storage;Sept-25;4503;8714,727231;51,7%;Poor;
Giba Gorge Storage;Oct-25;6159;9683,522927;63,6%;Poor;
Giba Gorge Storage;Nov-25;6232;9728,204993;64,1%;Poor;
Giba Gorge Storage;Dec-25;5380;10802,54433;49,8%;Poor;
Giba Gorge Storage;Jan-26;7601,5;11051,53151;68,8%;Poor;
Giba Gorge Storage;Feb-26;6347,07;9840,9477;64,5%;Poor;
Giba Gorge Storage;Mar-26;7063;10080,79919;70,1%;Moderate;
Giba Gorge Storage;Apr-26;4736,87;8568,72152;55,3%;Poor;
Giba Gorge Storage;May-26;4375,54;7712,899824;56,7%;Poor;
Giba Gorge Storage;Jun-26;3483;7128,127427;48,9%;Poor;
Engen Kaalfontein;Jul-26;6140;10977,4293;55,9%;Poor;YES
Giba Gorge Storage;Aug-26;5110;8467,864436;60,3%;Poor;NO
Engen Kaalfontein;Sept-26;12896,9249;14803,53088;87,1%;Moderate;NO
Giba Gorge Storage;Oct-26;;9615,7845;;Inactive;
Giba Gorge Storage;Nov-26;;9660,154005;;Inactive;
Giba Gorge Storage;Dec-26;;10726,9781;;Inactive;
Golden Spot Resort;Jan-24;961;4025,808004;23,9%;Poor;
Golden Spot Resort;Feb-24;798;3632,890687;22,0%;Poor;
Golden Spot Resort;Mar-24;398;3936,122689;10,1%;Poor;
Golden Spot Resort;Apr-24;1334;3260,105106;40,9%;Poor;
Golden Spot Resort;May-24;1953;3030,220469;64,5%;Poor;
Golden Spot Resort;Jun-24;1657;2770,163642;59,8%;Poor;
Golden Spot Resort;Jul-24;1845;3021,309065;61,1%;Poor;
Golden Spot Resort;Aug-24;2034;3271,208359;62,2%;Poor;
Golden Spot Resort;Sept-24;1982;3461,935272;57,3%;Poor;
Golden Spot Resort;Oct-24;2181;3475,985538;62,7%;Poor;
Golden Spot Resort;Nov-24;1783;3314,429136;53,8%;Poor;
Golden Spot Resort;Dec-24;2366;3553,832469;66,6%;Poor;
Golden Spot Resort;Jan-25;2514;3997,569686;62,9%;Poor;
Golden Spot Resort;Feb-25;2930;3607,408417;81,2%;Moderate;
Golden Spot Resort;Mar-25;1758;3908,588623;45,0%;Poor;
Golden Spot Resort;Apr-25;1646;3237,299936;50,8%;Poor;
Golden Spot Resort;May-25;2386;3009,023393;79,3%;Moderate;
Golden Spot Resort;Jun-25;1228;2750,785722;44,6%;Poor;
Golden Spot Resort;Jul-25;1684;3000,174327;56,1%;Poor;
Golden Spot Resort;Aug-25;1766,1;3248,325519;54,4%;Poor;
Golden Spot Resort;Sept-25;1960;3437,718254;57,0%;Poor;
Golden Spot Resort;Oct-25;2119;3451,670236;61,4%;Poor;
Golden Spot Resort;Nov-25;1774;3291,243957;53,9%;Poor;
Golden Spot Resort;Dec-25;2120;3528,972609;60,1%;Poor;
Golden Spot Resort;Jan-26;647;3969,605784;16,3%;Poor;
Golden Spot Resort;Feb-26;1429;3582,173782;39,9%;Poor;
Golden Spot Resort;Mar-26;1816;3881,247164;46,8%;Poor;
Golden Spot Resort;Apr-26;3513,5;3214,654292;109,3%;Expected;
Golden Spot Resort;May-26;3029;2987,974596;101,4%;Expected;
Golden Spot Resort;Jun-26;2484;2731,543356;90,9%;Expected;
Engen Lotus Gardens;Jul-26;3388,4248;2338,493667;144,9%;Expected;NO
Golden Spot Resort;Aug-26;1628;3225,602749;50,5%;Poor;NO
Engen Lotus Gardens;Sept-26;2640,395;2421,585051;109,0%;Expected;NO
Golden Spot Resort;Oct-26;;3427,525024;;Inactive;
Golden Spot Resort;Nov-26;;3268,220963;;Inactive;
Golden Spot Resort;Dec-26;;3504,28665;;Inactive;
Golden Spot Shops;Jan-24;1880;3602,72416;52,2%;Poor;
Golden Spot Shops;Feb-24;1559;3238,72783;48,1%;Poor;
Golden Spot Shops;Mar-24;1596;3588,722396;44,5%;Poor;
Golden Spot Shops;Apr-24;2170;2945,131615;73,7%;Moderate;
Golden Spot Shops;May-24;2876;2705,597754;106,3%;Expected;
Golden Spot Shops;Jun-24;2499;2443,95221;102,3%;Expected;
Golden Spot Shops;Jul-24;2895;2680,991835;108,0%;Expected;
Golden Spot Shops;Aug-24;3177;2948,939852;107,7%;Expected;
Golden Spot Shops;Sept-24;3048;3119,33904;97,7%;Expected;
Golden Spot Shops;Oct-24;3449;3149,633425;109,5%;Expected;
Golden Spot Shops;Nov-24;3441;2982,928853;115,4%;Expected;
Golden Spot Shops;Dec-24;3537;3169,982528;111,6%;Expected;
Golden Spot Shops;Jan-25;3700;3577,453489;103,4%;Expected;
Golden Spot Shops;Feb-25;2900;3216,010346;90,2%;Expected;
Golden Spot Shops;Mar-25;3471;3563,618474;97,4%;Expected;
Golden Spot Shops;Apr-25;2668;2924,529755;91,2%;Expected;
Golden Spot Shops;May-25;3127;2686,671488;116,4%;Expected;
Golden Spot Shops;Jun-25;2748,4;2426,856213;113,2%;Expected;
Golden Spot Shops;Jul-25;2501;2662,237693;93,9%;Expected;
Golden Spot Shops;Aug-25;299,8;2928,311352;10,2%;Poor;
Golden Spot Shops;Sept-25;2705;3097,51856;87,3%;Moderate;
Golden Spot Shops;Oct-25;2939;3127,601029;94,0%;Expected;
Golden Spot Shops;Nov-25;2609;2962,062593;88,1%;Moderate;
Golden Spot Shops;Dec-25;3364;3147,807786;106,9%;Expected;
Golden Spot Shops;Jan-26;3086;3552,428395;86,9%;Moderate;
Golden Spot Shops;Feb-26;3628;3193,513629;113,6%;Expected;
Golden Spot Shops;Mar-26;2909;3538,690159;82,2%;Moderate;
Golden Spot Shops;Apr-26;2558,1;2904,07201;88,1%;Moderate;
Golden Spot Shops;May-26;3029,6;2667,877615;113,6%;Expected;
Golden Spot Shops;Jun-26;2477;2409,879806;102,8%;Expected;
Giba Gorge Main;Jul-26;5136;9437,724297;54,4%;Poor;NO
Golden Spot Shops;Aug-26;;2907,827154;;Inactive;NO
Giba Gorge Main;Sept-26;5324,68005;10546,9011;50,5%;Poor;NO
Golden Spot Shops;Oct-26;;3105,722754;;Inactive;
Golden Spot Shops;Nov-26;;2941,342297;;Inactive;
Golden Spot Shops;Dec-26;;3125,78816;;Inactive;
Grootpan;Jan-24;;29074,5;;Inactive;
Grootpan;Feb-24;;26716,5;;Inactive;
Grootpan;Mar-24;;27941,4;;Inactive;
Grootpan;Apr-24;;25610,4;;Inactive;
Grootpan;May-24;;25802,1;;Inactive;
Grootpan;Jun-24;;23428,8;;Inactive;
Grootpan;Jul-24;;25632;;Inactive;
Grootpan;Aug-24;;28549,8;;Inactive;
Grootpan;Sept-24;;29561,4;;Inactive;
Grootpan;Oct-24;;31417,2;;Inactive;
Grootpan;Nov-24;;30121,2;;Inactive;
Grootpan;Dec-24;;29445,3;;Inactive;
Grootpan;Jan-25;;29074,5;;Inactive;
Grootpan;Feb-25;;26716,5;;Inactive;
Grootpan;Mar-25;;27941,4;;Inactive;
Grootpan;Apr-25;;25610,4;;Inactive;
Grootpan;May-25;;25802,1;;Inactive;
Grootpan;Jun-25;;23428,8;;Inactive;
Grootpan;Jul-25;;25632;;Inactive;
Grootpan;Aug-25;;28549,8;;Inactive;
Grootpan;Sept-25;;29561,4;;Inactive;
Grootpan;Oct-25;;31417,2;;Inactive;
Grootpan;Nov-25;;30121,2;;Inactive;
Grootpan;Dec-25;;29445,3;;Inactive;
Grootpan;Jan-26;;29074,5;;Inactive;
Grootpan;Feb-26;;26716,5;;Inactive;
Grootpan;Mar-26;2780;27941,4;9,9%;Poor;
Grootpan;Apr-26;14950;51194,20931;29,2%;Poor;
Grootpan;May-26;6540;25773,83011;25,4%;Poor;
Grootpan;Jun-26;7560;23389,18154;32,3%;Poor;
Giba Gorge Storage;Jul-26;4112;7608,522398;54,0%;Poor;NO
Golden Spot Resort;Jul-26;857;2979,187431;28,8%;Poor;YES
Grootpan;Aug-26;18070;28468,10424;63,5%;Poor;NO
Giba Gorge Storage;Sept-26;5755,15;8653,765749;66,5%;Poor;NO
Grootpan;Oct-26;;31290,56832;;Inactive;
Grootpan;Nov-26;;29981,91142;;Inactive;
Grootpan;Dec-26;;29292,23133;;Inactive;
HB Dunn;Jan-24;;4235,4;;Inactive;
HB Dunn;Feb-24;;3699;;Inactive;
HB Dunn;Mar-24;;3788,1;;Inactive;
HB Dunn;Apr-24;;3184,2;;Inactive;
HB Dunn;May-24;;3052,447745;;Inactive;
HB Dunn;Jun-24;1659;2750,24224;60,3%;Poor;
HB Dunn;Jul-24;2542;3025,498928;84,0%;Moderate;
HB Dunn;Aug-24;2833;3540,221205;80,0%;Moderate;
HB Dunn;Sept-24;2688;3901,707951;68,9%;Poor;
HB Dunn;Oct-24;3664;4090,572118;89,6%;Moderate;
HB Dunn;Nov-24;3499;4105,171662;85,2%;Moderate;
HB Dunn;Dec-24;2842;4359,116994;65,2%;Poor;
HB Dunn;Jan-25;3075;4215,003642;73,0%;Moderate;
HB Dunn;Feb-25;3328;3678,992696;90,5%;Expected;
HB Dunn;Mar-25;2317;3765,582435;61,5%;Poor;
HB Dunn;Apr-25;3007;3163,38561;95,1%;Expected;
HB Dunn;May-25;3516;3031,095185;116,0%;Expected;
HB Dunn;Jun-25;2912,8;2731,003675;106,7%;Expected;
HB Dunn;Jul-25;2789;3004,334881;92,8%;Expected;
HB Dunn;Aug-25;3342;3515,456559;95,1%;Expected;
HB Dunn;Sept-25;3079;3874,414624;79,5%;Moderate;
HB Dunn;Oct-25;3708;4061,957643;91,3%;Expected;
HB Dunn;Nov-25;2852;4076,45506;70,0%;Poor;
HB Dunn;Dec-25;2386;4328,623987;55,1%;Poor;
HB Dunn;Jan-26;1855;4185,51874;44,3%;Poor;
HB Dunn;Feb-26;3786;3653,257312;103,6%;Expected;
HB Dunn;Mar-26;2926;3739,241336;78,3%;Moderate;
HB Dunn;Apr-26;1520;3141,257014;48,4%;Poor;
HB Dunn;May-26;2675,6;3009,89199;88,9%;Moderate;
HB Dunn;Jun-26;2896;2711,899688;106,8%;Expected;
Golden Spot Shops;Jul-26;1400;2643,61474;53,0%;Poor;NO
HB Dunn;Aug-26;2805;3490,865148;80,4%;Moderate;NO
Golden Spot Resort;Sept-26;747,8;3413,670639;21,9%;Poor;YES
HB Dunn;Oct-26;;4033,543333;;Inactive;
HB Dunn;Nov-26;;4047,939338;;Inactive;
HB Dunn;Dec-26;;4298,344286;;Inactive;
Helderberg Collage ;Jan-24;32658;38406,69047;85,0%;Moderate;
Helderberg Collage ;Feb-24;26200;32048,76989;81,8%;Moderate;
Helderberg Collage ;Mar-24;23764;31211,96682;76,1%;Moderate;
Helderberg Collage ;Apr-24;17748;22862,26666;77,6%;Moderate;
Helderberg Collage ;May-24;12623;17370,75889;72,7%;Moderate;
Helderberg Collage ;Jun-24;9466;14433,27992;65,6%;Poor;
Helderberg Collage ;Jul-24;8265;16212,15653;51,0%;Poor;
Helderberg Collage ;Aug-24;14669;20174,12009;72,7%;Moderate;
Helderberg Collage ;Sept-24;20334;25763,95701;78,9%;Moderate;
Helderberg Collage ;Oct-24;26318;31860,52883;82,6%;Moderate;
Helderberg Collage ;Nov-24;29589;35782,19441;82,7%;Moderate;
Helderberg Collage ;Dec-24;31807;38665,82148;82,3%;Moderate;
Helderberg Collage ;Jan-25;32545;38137,29353;85,3%;Moderate;
Helderberg Collage ;Feb-25;20706;31823,96946;65,1%;Poor;
Helderberg Collage ;Mar-25;16650;30993,63207;53,7%;Poor;
Helderberg Collage ;Apr-25;13216;22702,33995;58,2%;Poor;
Helderberg Collage ;May-25;8710;17249,24651;50,5%;Poor;
Helderberg Collage ;Jun-25;7500,92;14332,31587;52,3%;Poor;
Helderberg Collage ;Jul-25;9649;16098,74884;59,9%;Poor;
Helderberg Collage ;Aug-25;13424;20032,99757;67,0%;Poor;
Helderberg Collage ;Sept-25;19447;25583,73232;76,0%;Moderate;
Helderberg Collage ;Oct-25;33678;31637,65725;106,4%;Expected;
Helderberg Collage ;Nov-25;40164;35531,88988;113,0%;Expected;
Helderberg Collage ;Dec-25;42482;38395,34534;110,6%;Expected;
Helderberg Collage ;Jan-26;40719;37870,51456;107,5%;Expected;
Helderberg Collage ;Feb-26;29862;31601,35361;94,5%;Expected;
Helderberg Collage ;Mar-26;30793;30776,82462;100,1%;Expected;
Helderberg Collage ;Apr-26;19657,41;22543,53196;87,2%;Moderate;
Helderberg Collage ;May-26;14538,69;17128,58414;84,9%;Moderate;
Helderberg Collage ;Jun-26;14538,69;14232,05809;102,2%;Expected;
Grootpan;Jul-26;8390;25573,89626;32,8%;Poor;YES
Helderberg Collage ;Aug-26;20567;19892,86223;103,4%;Expected;NO
Golden Spot Shops;Sept-26;;3075,850719;;Inactive;NO
Helderberg Collage ;Oct-26;;31416,3447;;Inactive;
Helderberg Collage ;Nov-26;;35283,3363;;Inactive;
Helderberg Collage ;Dec-26;;38126,76123;;Inactive;
Hilston Rotoflo;Jan-24;17880;29258,20006;61,1%;Poor;
Hilston Rotoflo;Feb-24;18790;25545,48561;73,6%;Moderate;
Hilston Rotoflo;Mar-24;22610;24067,20013;93,9%;Expected;
Hilston Rotoflo;Apr-24;20030;21415,39467;93,5%;Expected;
Hilston Rotoflo;May-24;17820;19169,3315;93,0%;Expected;
Hilston Rotoflo;Jun-24;11000;16949,6461;64,9%;Poor;
Hilston Rotoflo;Jul-24;17460;18858,48334;92,6%;Expected;
Hilston Rotoflo;Aug-24;24290;21979,08167;110,5%;Expected;
Hilston Rotoflo;Sept-24;22510;24435,18156;92,1%;Expected;
Hilston Rotoflo;Oct-24;31780;27182,9641;116,9%;Expected;
Hilston Rotoflo;Nov-24;30100;28526,83732;105,5%;Expected;
Hilston Rotoflo;Dec-24;17966;28018,1186;64,1%;Poor;
Hilston Rotoflo;Jan-25;20808;29052,97358;71,6%;Moderate;
Hilston Rotoflo;Feb-25;21538;25366,30132;84,9%;Moderate;
Hilston Rotoflo;Mar-25;22662;23898,84463;94,8%;Expected;
Hilston Rotoflo;Apr-25;17413;21265,58915;81,9%;Moderate;
Hilston Rotoflo;May-25;20430;19035,2377;107,3%;Expected;
Hilston Rotoflo;Jun-25;18398,74;16831,0795;109,3%;Expected;
Hilston Rotoflo;Jul-25;19115;18726,564;102,1%;Expected;
Hilston Rotoflo;Aug-25;21942;21825,33303;100,5%;Expected;
Hilston Rotoflo;Sept-25;21707;24264,25195;89,5%;Moderate;
Hilston Rotoflo;Oct-25;28392;26992,81313;105,2%;Expected;
Hilston Rotoflo;Nov-25;24635;28327,28566;87,0%;Moderate;
Hilston Rotoflo;Dec-25;13946;27822,12554;50,1%;Poor;
Hilston Rotoflo;Jan-26;25775;28849,74148;89,3%;Moderate;
Hilston Rotoflo;Feb-26;24391;25188,85832;96,8%;Expected;
Hilston Rotoflo;Mar-26;22838;23731,66682;96,2%;Expected;
Hilston Rotoflo;Apr-26;19038;21116,83156;90,2%;Expected;
Hilston Rotoflo;May-26;19892;18902,08192;105,2%;Expected;
Hilston Rotoflo;Jun-26;13234;16713,3423;79,2%;Moderate;
Hilston Rotoflo;Aug-26;23217;21672,65991;107,1%;Expected;NO
Grootpan;Sept-26;9230;29459,24061;31,3%;Poor;YES
Hilston Rotoflo;Oct-26;;26803,99231;;Inactive;
Hilston Rotoflo;Nov-26;;28129,12991;;Inactive;
Hilston Rotoflo;Dec-26;;27627,5035;;Inactive;
Huis Herfsblaar;Jan-24;;30214,8;;Inactive;
Huis Herfsblaar;Feb-24;;26381,7;;Inactive;
Huis Herfsblaar;Mar-24;;27566,1;;Inactive;
Huis Herfsblaar;Apr-24;;23747,4;;Inactive;
Huis Herfsblaar;May-24;;22569,3;;Inactive;
Huis Herfsblaar;Jun-24;5360;20228,4;26,5%;Poor;
Huis Herfsblaar;Jul-24;22610;22349,47134;101,2%;Expected;
Huis Herfsblaar;Aug-24;23490;26946,72476;87,2%;Moderate;
Huis Herfsblaar;Sept-24;20740;28800,03746;72,0%;Moderate;
Huis Herfsblaar;Oct-24;32140;30198,12029;106,4%;Expected;
Huis Herfsblaar;Nov-24;32300;29304,87998;110,2%;Expected;
Huis Herfsblaar;Dec-24;29734;31120,88649;95,5%;Expected;
Huis Herfsblaar;Jan-25;30000;30101,69742;99,7%;Expected;
Huis Herfsblaar;Feb-25;20560;26267,28051;78,3%;Moderate;
Huis Herfsblaar;Mar-25;19975;27431,76753;72,8%;Moderate;
Huis Herfsblaar;Apr-25;19104;23617,59138;80,9%;Moderate;
Huis Herfsblaar;May-25;23300;22432,98423;103,9%;Expected;
Huis Herfsblaar;Jun-25;17947,87;20094,23917;89,3%;Moderate;
Huis Herfsblaar;Jul-25;13847;22193,13175;62,4%;Poor;
Huis Herfsblaar;Aug-25;22606;26758,22634;84,5%;Moderate;
Huis Herfsblaar;Sept-25;23653;28598,5747;82,7%;Moderate;
Huis Herfsblaar;Oct-25;29483;29986,87763;98,3%;Expected;
Huis Herfsblaar;Nov-25;22193;29099,88574;76,3%;Moderate;
Huis Herfsblaar;Dec-25;27897;30903,18887;90,3%;Expected;
Huis Herfsblaar;Jan-26;26300;29891,12925;88,0%;Moderate;
Huis Herfsblaar;Feb-26;27127,919;26083,53495;104,0%;Expected;
Huis Herfsblaar;Mar-26;23100;27239,87613;84,8%;Moderate;
Huis Herfsblaar;Apr-26;19981,06;23452,381;85,2%;Moderate;
Huis Herfsblaar;May-26;20533,1;22276,06045;92,2%;Expected;
Huis Herfsblaar;Jun-26;15001,1;19953,67543;75,2%;Moderate;
HB Dunn;Jul-26;2598;2983,318881;87,1%;Moderate;NO
Huis Herfsblaar;Aug-26;23941,67;26571,04651;90,1%;Expected;NO
HB Dunn;Sept-26;2916,4;3847,312219;75,8%;Moderate;NO
Huis Herfsblaar;Oct-26;;29777,11266;;Inactive;
Huis Herfsblaar;Nov-26;;28896,32547;;Inactive;
Huis Herfsblaar;Dec-26;;30687,0141;;Inactive;
IPID - Floor 4;Jan-24;;7573,5;;Inactive;
IPID - Floor 4;Feb-24;;6513,75;;Inactive;
IPID - Floor 4;Mar-24;;6841,35;;Inactive;
IPID - Floor 4;Apr-24;;618,3;;Inactive;
IPID - Floor 4;May-24;;5924,7;;Inactive;
IPID - Floor 4;Jun-24;;5295,6;;Inactive;
IPID - Floor 4;Jul-24;;5785,2;;Inactive;
IPID - Floor 4;Aug-24;;6585,3;;Inactive;
IPID - Floor 4;Sept-24;;7018,65;;Inactive;
IPID - Floor 4;Oct-24;;7479,45;;Inactive;
IPID - Floor 4;Nov-24;;7552,8;;Inactive;
IPID - Floor 4;Dec-24;;7415,1;;Inactive;
IPID - Floor 4;Jan-25;;7573,5;;Inactive;
IPID - Floor 4;Feb-25;;6513,75;;Inactive;
IPID - Floor 4;Mar-25;;6841,35;;Inactive;
IPID - Floor 4;Apr-25;;618,3;;Inactive;
IPID - Floor 4;May-25;;5924,7;;Inactive;
IPID - Floor 4;Jun-25;;5295,6;;Inactive;
IPID - Floor 4;Jul-25;;5785,2;;Inactive;
IPID - Floor 4;Aug-25;;6585,3;;Inactive;
IPID - Floor 4;Sept-25;;7018,65;;Inactive;
IPID - Floor 4;Oct-25;;7479,45;;Inactive;
IPID - Floor 4;Nov-25;;7548,733869;;Inactive;
IPID - Floor 4;Dec-25;5820;7406,833244;78,6%;Moderate;
IPID - Floor 4;Jan-26;7914;7560,547688;104,7%;Expected;
IPID - Floor 4;Feb-26;8094;6498,734369;124,5%;Expected;
IPID - Floor 4;Mar-26;6511;6821,904555;95,4%;Expected;
IPID - Floor 4;Apr-26;6094,6;6161,751061;98,9%;Expected;
IPID - Floor 4;May-26;7117,7;5900,933107;120,6%;Expected;
IPID - Floor 4;Jun-26;5909;5271,213089;112,1%;Expected;
Helderberg Collage ;Jul-26;14156;15986,13446;88,6%;Moderate;NO
IPID - Floor 4;Aug-26;7937;6547,288246;121,2%;Expected;NO
Helderberg Collage ;Sept-26;24320,29;25404,76834;95,7%;Expected;NO
IPID - Floor 4;Oct-26;;7427,558096;;Inactive;
IPID - Floor 4;Nov-26;;7495,928773;;Inactive;
IPID - Floor 4;Dec-26;;7355,020775;;Inactive;
IPID - Floor 6;Jan-24;;7573,5;;Inactive;
IPID - Floor 6;Feb-24;;6513,75;;Inactive;
IPID - Floor 6;Mar-24;;6841,35;;Inactive;
IPID - Floor 6;Apr-24;;618,3;;Inactive;
IPID - Floor 6;May-24;;5924,7;;Inactive;
IPID - Floor 6;Jun-24;;5295,6;;Inactive;
IPID - Floor 6;Jul-24;;5785,2;;Inactive;
IPID - Floor 6;Aug-24;;6585,3;;Inactive;
IPID - Floor 6;Sept-24;;7018,65;;Inactive;
IPID - Floor 6;Oct-24;;7479,45;;Inactive;
IPID - Floor 6;Nov-24;;7552,8;;Inactive;
IPID - Floor 6;Dec-24;;7415,1;;Inactive;
IPID - Floor 6;Jan-25;;7573,5;;Inactive;
IPID - Floor 6;Feb-25;;6513,75;;Inactive;
IPID - Floor 6;Mar-25;;6841,35;;Inactive;
IPID - Floor 6;Apr-25;;618,3;;Inactive;
IPID - Floor 6;May-25;;5924,7;;Inactive;
IPID - Floor 6;Jun-25;;5295,6;;Inactive;
IPID - Floor 6;Jul-25;;5785,2;;Inactive;
IPID - Floor 6;Aug-25;;6585,3;;Inactive;
IPID - Floor 6;Sept-25;;7018,65;;Inactive;
IPID - Floor 6;Oct-25;;7479,45;;Inactive;
IPID - Floor 6;Nov-25;;7548,733869;;Inactive;
IPID - Floor 6;Dec-25;5820;7406,833244;78,6%;Moderate;
IPID - Floor 6;Jan-26;5904;7560,547688;78,1%;Moderate;
IPID - Floor 6;Feb-26;5406;6498,734369;83,2%;Moderate;
IPID - Floor 6;Mar-26;4115;6821,904555;60,3%;Poor;
IPID - Floor 6;Apr-26;4377;6161,751061;71,0%;Moderate;
IPID - Floor 6;May-26;4300;5900,933107;72,9%;Moderate;
IPID - Floor 6;Jun-26;3139,7;5271,213089;59,6%;Poor;
Hilston Rotoflo;Jul-26;17975;18595,56746;96,7%;Expected;NO
IPID - Floor 6;Aug-26;5281;6547,288246;80,7%;Moderate;NO
Hilston Rotoflo;Sept-26;22877,77;24094,51804;95,0%;Expected;NO
IPID - Floor 6;Oct-26;;7427,558096;;Inactive;
IPID - Floor 6;Nov-26;;7495,928773;;Inactive;
IPID - Floor 6;Dec-26;;7355,020775;;Inactive;
Kool Village ;Jan-24;13629;12213;111,6%;Expected;
Kool Village ;Feb-24;12014;10570,5;113,7%;Expected;
Kool Village ;Mar-24;12428;10619,1;117,0%;Expected;
Kool Village ;Apr-24;9084;9139,5;99,4%;Expected;
Kool Village ;May-24;8049;8593,2;93,7%;Expected;
Kool Village ;Jun-24;6600;7680,6;85,9%;Moderate;
Kool Village ;Jul-24;7832;8550,9;91,6%;Expected;
Kool Village ;Aug-24;8766;9997,2;87,7%;Moderate;
Kool Village ;Sept-24;9208;10701,9;86,0%;Moderate;
Kool Village ;Oct-24;12879;11834,1;108,8%;Expected;
Kool Village ;Nov-24;13410;12129,3;110,6%;Expected;
Kool Village ;Dec-24;13869;12998,7;106,7%;Expected;
Kool Village ;Jan-25;13136;12213;107,6%;Expected;
Kool Village ;Feb-25;10624;10570,5;100,5%;Expected;
Kool Village ;Mar-25;10420;10619,1;98,1%;Expected;
Kool Village ;Apr-25;7391;9139,5;80,9%;Moderate;
Kool Village ;May-25;7947;8593,2;92,5%;Expected;
Kool Village ;Jun-25;6390,63;7680,6;83,2%;Moderate;
Kool Village ;Jul-25;7146;8550,9;83,6%;Moderate;
Kool Village ;Aug-25;7396;9997,2;74,0%;Moderate;
Kool Village ;Sept-25;8160;10701,9;76,2%;Moderate;
Kool Village ;Oct-25;10866;11834,1;91,8%;Expected;
Kool Village ;Nov-25;10612;12129,3;87,5%;Moderate;
Kool Village ;Dec-25;11236;12998,7;86,4%;Moderate;
Kool Village ;Jan-26;13357;12213;109,4%;Expected;
Kool Village ;Feb-26;9365;10570,5;88,6%;Moderate;
Kool Village ;Mar-26;7814;10619,1;73,6%;Moderate;
Kool Village ;Apr-26;5600;9139,5;61,3%;Poor;
Kool Village ;May-26;5868;8593,2;68,3%;Poor;
Kool Village ;Jun-26;4645,31;7680,6;60,5%;Poor;
Huis Herfsblaar;Jul-26;20850,76;22037,88578;94,6%;Expected;NO
Kool Village ;Aug-26;8388,66888;9997,2;83,9%;Moderate;NO
Huis Herfsblaar;Sept-26;23016,89;28398,52122;81,0%;Moderate;NO
Kool Village ;Oct-26;;11834,1;;Inactive;
Kool Village ;Nov-26;;12129,3;;Inactive;
Kool Village ;Dec-26;;12998,7;;Inactive;
Makalali;Jan-24;;16525,84513;;Inactive;
Makalali;Feb-24;;14887,67874;;Inactive;
Makalali;Mar-24;;16240,88129;;Inactive;
Makalali;Apr-24;;15003,95155;;Inactive;
Makalali;May-24;;15164,80431;;Inactive;
Makalali;Jun-24;;14061,05436;;Inactive;
Makalali;Jul-24;;15048,07849;;Inactive;
Makalali;Aug-24;;16222,86279;;Inactive;
Makalali;Sept-24;;16132,43795;;Inactive;
Makalali;Oct-24;;15734,15882;;Inactive;
Makalali;Nov-24;;15182,65229;;Inactive;
Makalali;Dec-24;;16082,17943;;Inactive;
Makalali;Jan-25;;16409,92752;;Inactive;
Makalali;Feb-25;;14783,25175;;Inactive;
Makalali;Mar-25;;16127,27266;;Inactive;
Makalali;Apr-25;;14898,99552;;Inactive;
Makalali;May-25;;15058,72309;;Inactive;
Makalali;Jun-25;;13962,69411;;Inactive;
Makalali;Jul-25;;14942,81379;;Inactive;
Makalali;Aug-25;;16109,3802;;Inactive;
Makalali;Sept-25;;16019,58791;;Inactive;
Makalali;Oct-25;;15624,09483;;Inactive;
Makalali;Nov-25;;15076,44621;;Inactive;
Makalali;Dec-25;;15969,68096;;Inactive;
Makalali;Jan-26;13394;16295,13637;82,2%;Moderate;
Makalali;Feb-26;16065;14679,83957;109,4%;Expected;
Makalali;Mar-26;733;16014,45875;4,6%;Poor;
Makalali;Apr-26;4797,7;14794,77369;32,4%;Poor;
Makalali;May-26;5970,07;14953,38392;39,9%;Poor;
Makalali;Jun-26;5060,4;13865,02192;36,5%;Poor;
IPID - Floor 4;Jul-26;7311;5755,236859;127,0%;Expected;NO
Makalali;Aug-26;7086,5031;15996,69145;44,3%;Poor;NO
IPID - Floor 4;Sept-26;7314,8;6973,977713;104,9%;Expected;NO
Makalali;Oct-26;;15514,80077;;Inactive;
Makalali;Nov-26;;14970,98307;;Inactive;
Makalali;Dec-26;;15857,96944;;Inactive;
Mambha Cash & Carry;Jan-24;18892;22065,73484;85,6%;Moderate;
Mambha Cash & Carry;Feb-24;18598;19285,4136;96,4%;Expected;
Mambha Cash & Carry;Mar-24;18598;19397,73568;95,9%;Expected;
Mambha Cash & Carry;Apr-24;15678;15639,96311;100,2%;Expected;
Mambha Cash & Carry;May-24;14588;13339,79342;109,4%;Expected;
Mambha Cash & Carry;Jun-24;12745;11993,76181;106,3%;Expected;
Mambha Cash & Carry;Jul-24;14803;12950,4536;114,3%;Expected;
Mambha Cash & Carry;Aug-24;15941;15265,40216;104,4%;Expected;
Mambha Cash & Carry;Sept-24;13907;16375,17622;84,9%;Moderate;
Mambha Cash & Carry;Oct-24;19899;19177,73052;103,8%;Expected;
Mambha Cash & Carry;Nov-24;18123;19736,17621;91,8%;Expected;
Mambha Cash & Carry;Dec-24;18905;22164,44234;85,3%;Moderate;
Mambha Cash & Carry;Jan-25;19907;21910,95865;90,9%;Expected;
Mambha Cash & Carry;Feb-25;15243;19150,13947;79,6%;Moderate;
Mambha Cash & Carry;Mar-25;17983;19262,04414;93,4%;Expected;
Mambha Cash & Carry;Apr-25;13643;15530,55804;87,8%;Moderate;
Mambha Cash & Carry;May-25;15993;13246,47856;120,7%;Expected;
Mambha Cash & Carry;Jun-25;13300,84;11909,86274;111,7%;Expected;
Mambha Cash & Carry;Jul-25;12259;12859,86226;95,3%;Expected;
Mambha Cash & Carry;Aug-25;14893;15158,61723;98,2%;Expected;
Mambha Cash & Carry;Sept-25;13710;16260,62816;84,3%;Moderate;
Mambha Cash & Carry;Oct-25;17312;19043,57797;90,9%;Expected;
Mambha Cash & Carry;Nov-25;19748;19598,11721;100,8%;Expected;
Mambha Cash & Carry;Dec-25;19810;22009,39707;90,0%;Expected;
Mambha Cash & Carry;Jan-26;21506,5322;21757,68655;98,8%;Expected;
Mambha Cash & Carry;Feb-26;21266,5806;19016,17993;111,8%;Expected;
Mambha Cash & Carry;Mar-26;18344;19127,3018;95,9%;Expected;
Mambha Cash & Carry;Apr-26;14760;15421,91828;95,7%;Expected;
Mambha Cash & Carry;May-26;14262;13153,81645;108,4%;Expected;
Mambha Cash & Carry;Jun-26;12292,03;11826,55056;103,9%;Expected;
IPID - Floor 6;Jul-26;3841;5755,236859;66,7%;Poor;NO
Mambha Cash & Carry;Aug-26;15549,0352;15052,57928;103,3%;Expected;NO
IPID - Floor 6;Sept-26;4730;6973,977713;67,8%;Poor;NO
Mambha Cash & Carry;Oct-26;;18910,36385;;Inactive;
Mambha Cash & Carry;Nov-26;;19461,02396;;Inactive;
Mambha Cash & Carry;Dec-26;;21855,43637;;Inactive;
Mathe Group Company;Jan-24;52780;60599,5172;87,1%;Moderate;
Mathe Group Company;Feb-24;40425;54968,16364;73,5%;Moderate;
Mathe Group Company;Mar-24;52832;57292,53078;92,2%;Expected;
Mathe Group Company;Apr-24;46312;48300,22745;95,9%;Expected;
Mathe Group Company;May-24;45881;43700,30785;105,0%;Expected;
Mathe Group Company;Jun-24;36174;40345,70122;89,7%;Moderate;
Mathe Group Company;Jul-24;49449;43320,84361;114,1%;Expected;
Mathe Group Company;Aug-24;50022;47866,53191;104,5%;Expected;
Mathe Group Company;Sept-24;41179;49520,66621;83,2%;Moderate;
Mathe Group Company;Oct-24;38998;54309,83641;71,8%;Moderate;
Mathe Group Company;Nov-24;54400;55607,31736;97,8%;Expected;
Mathe Group Company;Dec-24;48109;59987,43407;80,2%;Moderate;
Mathe Group Company;Jan-25;50600;60174,4526;84,1%;Moderate;
Mathe Group Company;Feb-25;39450;54582,59918;72,3%;Moderate;
Mathe Group Company;Mar-25;50665;56891,75661;89,1%;Moderate;
Mathe Group Company;Apr-25;33121;47962,35646;69,1%;Poor;
Mathe Group Company;May-25;49152;43394,61434;113,3%;Expected;
Mathe Group Company;Jun-25;39999,41;40063,47394;99,8%;Expected;
Mathe Group Company;Jul-25;42250;43017,80454;98,2%;Expected;
Mathe Group Company;Aug-25;42926;47531,69472;90,3%;Expected;
Mathe Group Company;Sept-25;40517,3;49174,25798;82,4%;Moderate;
Mathe Group Company;Oct-25;46787,68;53929,92685;86,8%;Moderate;
Mathe Group Company;Nov-25;53245;55218,33163;96,4%;Expected;
Mathe Group Company;Dec-25;48360;59567,80844;81,2%;Moderate;
Mathe Group Company;Jan-26;49681,67136;59753,51873;83,1%;Moderate;
Mathe Group Company;Feb-26;58060,83388;54200,78159;107,1%;Expected;
Mathe Group Company;Mar-26;50832;56493,78594;90,0%;Moderate;
Mathe Group Company;Apr-26;41412;47626,84896;87,0%;Moderate;
Mathe Group Company;May-26;46301;43091,05922;107,4%;Expected;
Mathe Group Company;Jun-26;37511,86;39783,22091;94,3%;Expected;
Kool Village ;Jul-26;6582,2;8550,9;77,0%;Moderate;YES
Mathe Group Company;Aug-26;49938,125;47199,1998;105,8%;Expected;NO
Kool Village ;Sept-26;7912,61;10701,9;73,9%;Moderate;NO
Mathe Group Company;Oct-26;;53552,67485;;Inactive;
Mathe Group Company;Nov-26;;54832,06694;;Inactive;
Mathe Group Company;Dec-26;;59151,11818;;Inactive;
Mdluli;Jan-24;;15870,6;;Inactive;
Mdluli;Feb-24;;14825,7;;Inactive;
Mdluli;Mar-24;;17314,2;;Inactive;
Mdluli;Apr-24;6916;15358,5;45,0%;Poor;
Mdluli;May-24;14281;15193,30861;94,0%;Expected;
Mdluli;Jun-24;12149;14476,56575;83,9%;Moderate;
Mdluli;Jul-24;15601;15368,71577;101,5%;Expected;
Mdluli;Aug-24;7706;15581,4029;49,5%;Poor;
Mdluli;Sept-24;1;15151,12669;0,0%;Poor;
Mdluli;Oct-24;7310;14303,58586;51,1%;Poor;
Mdluli;Nov-24;13770;13207,50986;104,3%;Expected;
Mdluli;Dec-24;;13778,74787;;Inactive;
Mdluli;Jan-25;4700;15791,74228;29,8%;Poor;
Mdluli;Feb-25;12300;14743,24159;83,4%;Moderate;
Mdluli;Mar-25;13554;17208,63147;78,8%;Moderate;
Mdluli;Apr-25;9839;15255,75757;64,5%;Poor;
Mdluli;May-25;;15087,02799;;Inactive;
Mdluli;Jun-25;12605,8;14375,29891;87,7%;Moderate;
Mdluli;Jul-25;8064;15261,20813;52,8%;Poor;
Mdluli;Aug-25;13494;15472,40747;87,2%;Moderate;
Mdluli;Sept-25;11744,7;15045,14115;78,1%;Moderate;
Mdluli;Oct-25;13202;14203,52905;92,9%;Expected;
Mdluli;Nov-25;10765;13115,12035;82,1%;Moderate;
Mdluli;Dec-25;13231;13682,36242;96,7%;Expected;
Mdluli;Jan-26;11720,01;15681,27548;74,7%;Moderate;
Mdluli;Feb-26;15533;14640,10929;106,1%;Expected;
Mdluli;Mar-26;12559;17088,25321;73,5%;Moderate;
Mdluli;Apr-26;11577,01;15149,04011;76,4%;Moderate;
Mdluli;May-26;13966,89;14981,49082;93,2%;Expected;
Mdluli;Jun-26;11309,7;14274,74045;79,2%;Moderate;
Makalali;Jul-26;6010,4032;14838,28544;40,5%;Poor;NO
Mdluli;Aug-26;14728,02;15364,17449;95,9%;Expected;NO
Makalali;Sept-26;4821,7015;15907,52727;30,3%;Poor;NO
Mdluli;Oct-26;;14104,17216;;Inactive;
Mdluli;Nov-26;;13023,37712;;Inactive;
Mdluli;Dec-26;;13586,65121;;Inactive;
Medipost;Jan-24;;53361,9;;Inactive;
Medipost;Feb-24;;43750,8;;Inactive;
Medipost;Mar-24;;40931,1;;Inactive;
Medipost;Apr-24;;29080,8;;Inactive;
Medipost;May-24;;21434,4;;Inactive;
Medipost;Jun-24;;17483,4;;Inactive;
Medipost;Jul-24;;19783,8;;Inactive;
Medipost;Aug-24;;25524;;Inactive;
Medipost;Sept-24;;33381,9;;Inactive;
Medipost;Oct-24;;43038;;Inactive;
Medipost;Nov-24;;49565,7;;Inactive;
Medipost;Dec-24;;54135,9;;Inactive;
Medipost;Jan-25;;53361,9;;Inactive;
Medipost;Feb-25;;43750,8;;Inactive;
Medipost;Mar-25;;40927,95132;;Inactive;
Medipost;Apr-25;;29061,23137;;Inactive;
Medipost;May-25;;21407,62154;;Inactive;
Medipost;Jun-25;;17451,15009;;Inactive;
Medipost;Jul-25;;19735,91644;;Inactive;
Medipost;Aug-25;;25447,04707;;Inactive;
Medipost;Sept-25;;33261,41963;;Inactive;
Medipost;Oct-25;;42857,93439;;Inactive;
Medipost;Nov-25;;49328,90451;;Inactive;
Medipost;Dec-25;44400;53846,19419;82,5%;Moderate;
Medipost;Jan-26;44972,3;53044,70139;84,8%;Moderate;
Medipost;Feb-26;44384;43464,81098;102,1%;Expected;
Medipost;Mar-26;42181;40641,65107;103,8%;Expected;
Medipost;Apr-26;29438,84;28857,9415;102,0%;Expected;
Medipost;May-26;20478,6;21257,8704;96,3%;Expected;
Medipost;Jun-26;18349,15;17329,07535;105,9%;Expected;
Mambha Cash & Carry;Jul-26;12604,39095;12769,90462;98,7%;Expected;NO
Medipost;Aug-26;26558,07;25269,03923;105,1%;Expected;NO
Mambha Cash & Carry;Sept-26;14407,6783;16146,8814;89,2%;Moderate;NO
Medipost;Oct-26;;42558,13348;;Inactive;
Medipost;Nov-26;;48983,8377;;Inactive;
Medipost;Dec-26;;53469,52791;;Inactive;
Meredale Heights ;Jan-24;3824;5059,167003;75,6%;Moderate;
Meredale Heights ;Feb-24;3746;4591,871785;81,6%;Moderate;
Meredale Heights ;Mar-24;3799;5061,815406;75,1%;Moderate;
Meredale Heights ;Apr-24;3854;4851,936225;79,4%;Moderate;
Meredale Heights ;May-24;4391;5156,710028;85,2%;Moderate;
Meredale Heights ;Jun-24;4167;4983,429313;83,6%;Moderate;
Meredale Heights ;Jul-24;4515;5360,549605;84,2%;Moderate;
Meredale Heights ;Aug-24;4113;5610,251492;73,3%;Moderate;
Meredale Heights ;Sept-24;3620;5556,189345;65,2%;Poor;
Meredale Heights ;Oct-24;4760;5458,364968;87,2%;Moderate;
Meredale Heights ;Nov-24;3916;5076,014737;77,1%;Moderate;
Meredale Heights ;Dec-24;4124;5185,315839;79,5%;Moderate;
Meredale Heights ;Jan-25;3080;5023,680371;61,3%;Poor;
Meredale Heights ;Feb-25;2400;4559,662913;52,6%;Poor;
Meredale Heights ;Mar-25;2832;5026,406866;56,3%;Poor;
Meredale Heights ;Apr-25;2690;4817,995837;55,8%;Poor;
Meredale Heights ;May-25;3597;5120,637678;70,2%;Moderate;
Meredale Heights ;Jun-25;4831,17;4948,569101;97,6%;Expected;
Meredale Heights ;Jul-25;5152;5323,051351;96,8%;Expected;
Meredale Heights ;Aug-25;5913;5571,006517;106,1%;Expected;
Meredale Heights ;Sept-25;5163;5517,322547;93,6%;Expected;
Meredale Heights ;Oct-25;5859;5420,182474;108,1%;Expected;
Meredale Heights ;Nov-25;4665;5040,506869;92,6%;Expected;
Meredale Heights ;Dec-25;5472;5149,043385;106,3%;Expected;
Meredale Heights ;Jan-26;5579,67;4988,538593;111,8%;Expected;
Meredale Heights ;Feb-26;4787;4527,767042;105,7%;Expected;
Meredale Heights ;Mar-26;4406;4991,246016;88,3%;Moderate;
Meredale Heights ;Apr-26;4507;4784,292869;94,2%;Expected;
Meredale Heights ;May-26;5143;5084,817662;101,2%;Expected;
Meredale Heights ;Jun-26;4820,5;4913,952744;98,1%;Expected;
Mathe Group Company;Jul-26;40997,12236;42716,88529;96,0%;Expected;NO
Meredale Heights ;Aug-26;6058;5532,03607;109,5%;Expected;NO
Mathe Group Company;Sept-26;43037,19;48830,27295;88,1%;Moderate;NO
Meredale Heights ;Oct-26;;5382,267075;;Inactive;
Meredale Heights ;Nov-26;;5005,247386;;Inactive;
Meredale Heights ;Dec-26;;5113,024665;;Inactive;
Monument Park Checkers;Jan-24;;40416,3;;Inactive;
Monument Park Checkers;Feb-24;;33988,5;;Inactive;
Monument Park Checkers;Mar-24;41550,8;35131,72433;118,3%;Expected;
Monument Park Checkers;Apr-24;25447,6;29885,00206;85,2%;Moderate;
Monument Park Checkers;May-24;28056;28349,47577;99,0%;Expected;
Monument Park Checkers;Jun-24;27241;25596,07768;106,4%;Expected;
Monument Park Checkers;Jul-24;31078;28294,68746;109,8%;Expected;
Monument Park Checkers;Aug-24;33515;32908,98629;101,8%;Expected;
Monument Park Checkers;Sept-24;34245;36391,38939;94,1%;Expected;
Monument Park Checkers;Oct-24;46108;39519,0522;116,7%;Expected;
Monument Park Checkers;Nov-24;42922;39560,88775;108,5%;Expected;
Monument Park Checkers;Dec-24;44138;42294,49849;104,4%;Expected;
Monument Park Checkers;Jan-25;41100;40178,37189;102,3%;Expected;
Monument Park Checkers;Feb-25;30900;33768,27319;91,5%;Expected;
Monument Park Checkers;Mar-25;31593;34885,96999;90,6%;Expected;
Monument Park Checkers;Apr-25;25646;29675,94973;86,4%;Moderate;
Monument Park Checkers;May-25;33184;28151,16479;117,9%;Expected;
Monument Park Checkers;Jun-25;29359,5;25417,02734;115,5%;Expected;
Monument Park Checkers;Jul-25;23487;28096,75974;83,6%;Moderate;
Monument Park Checkers;Aug-25;34316;32678,78051;105,0%;Expected;
Monument Park Checkers;Sept-25;33632,7;36136,82341;93,1%;Expected;
Monument Park Checkers;Oct-25;41353;39242,60751;105,4%;Expected;
Monument Park Checkers;Nov-25;44434;39284,15041;113,1%;Expected;
Monument Park Checkers;Dec-25;40551;41998,63893;96,6%;Expected;
Monument Park Checkers;Jan-26;42821;39897,31512;107,3%;Expected;
Monument Park Checkers;Feb-26;39129;33532,0565;116,7%;Expected;
Monument Park Checkers;Mar-26;31935;34641,93476;92,2%;Expected;
Monument Park Checkers;Apr-26;26513;29468,35977;90,0%;Moderate;
Monument Park Checkers;May-26;29984;27954,24104;107,3%;Expected;
Monument Park Checkers;Jun-26;23145,12;25239,2295;91,7%;Expected;
Mdluli;Jul-26;13303;15154,45254;87,8%;Moderate;NO
Monument Park Checkers;Aug-26;35675,901;32450,18507;109,9%;Expected;NO
Mdluli;Sept-26;10471,23;14939,89699;70,1%;Moderate;NO
Monument Park Checkers;Oct-26;;38968,09662;;Inactive;
Monument Park Checkers;Nov-26;;39009,34892;;Inactive;
Monument Park Checkers;Dec-26;;41704,84898;;Inactive;
Nkambeni Industrial;Jan-24;;23494,24395;;Inactive;
Nkambeni Industrial;Feb-24;;21618,29679;;Inactive;
Nkambeni Industrial;Mar-24;;24132,96816;;Inactive;
Nkambeni Industrial;Apr-24;;20780,51326;;Inactive;
Nkambeni Industrial;May-24;;19923,29044;;Inactive;
Nkambeni Industrial;Jun-24;;18392,09067;;Inactive;
Nkambeni Industrial;Jul-24;;19903,90828;;Inactive;
Nkambeni Industrial;Aug-24;;20921,62931;;Inactive;
Nkambeni Industrial;Sept-24;;21257,77792;;Inactive;
Nkambeni Industrial;Oct-24;;20807,76123;;Inactive;
Nkambeni Industrial;Nov-24;;19698,15161;;Inactive;
Nkambeni Industrial;Dec-24;;21003,47258;;Inactive;
Nkambeni Industrial;Jan-25;21130;23329,44773;90,6%;Expected;
Nkambeni Industrial;Feb-25;17140;21466,65907;79,8%;Moderate;
Nkambeni Industrial;Mar-25;;23964,1526;;Inactive;
Nkambeni Industrial;Apr-25;;20635,14889;;Inactive;
Nkambeni Industrial;May-25;;19783,92253;;Inactive;
Nkambeni Industrial;Jun-25;;18263,43385;;Inactive;
Nkambeni Industrial;Jul-25;;19764,67595;;Inactive;
Nkambeni Industrial;Aug-25;;20775,2778;;Inactive;
Nkambeni Industrial;Sept-25;;21109,07497;;Inactive;
Nkambeni Industrial;Oct-25;;20662,20625;;Inactive;
Nkambeni Industrial;Nov-25;;19560,35859;;Inactive;
Nkambeni Industrial;Dec-25;;20856,54855;;Inactive;
Nkambeni Industrial;Jan-26;9830;23166,25298;42,4%;Poor;
Nkambeni Industrial;Feb-26;20200;21316,49494;94,8%;Expected;
Nkambeni Industrial;Mar-26;16198;23796,51795;68,1%;Poor;
Nkambeni Industrial;Apr-26;;20490,80136;;Inactive;
Nkambeni Industrial;May-26;;19645,52953;;Inactive;
Nkambeni Industrial;Jun-26;;18135,67701;;Inactive;
Medipost;Jul-26;20358,73;19597,85925;103,9%;Expected;NO
Nkambeni Industrial;Aug-26;;20629,95004;;Inactive;NO
Medipost;Sept-26;31565,57;33028,7485;95,6%;Expected;NO
Nkambeni Industrial;Oct-26;;20517,66946;;Inactive;
Nkambeni Industrial;Nov-26;;19423,52947;;Inactive;
Nkambeni Industrial;Dec-26;;20710,65229;;Inactive;
Olievenhoutbosch 1;Jan-24;;46872;;Inactive;
Olievenhoutbosch 1;Feb-24;;40989,6;;Inactive;
Olievenhoutbosch 1;Mar-24;;39989,7;;Inactive;
Olievenhoutbosch 1;Apr-24;;34783,2;;Inactive;
Olievenhoutbosch 1;May-24;;32139;;Inactive;
Olievenhoutbosch 1;Jun-24;;28357,2;;Inactive;
Olievenhoutbosch 1;Jul-24;;31229,1;;Inactive;
Olievenhoutbosch 1;Aug-24;;36815,4;;Inactive;
Olievenhoutbosch 1;Sept-24;;40778,1;;Inactive;
Olievenhoutbosch 1;Oct-24;;46212,3;;Inactive;
Olievenhoutbosch 1;Nov-24;;46653,3;;Inactive;
Olievenhoutbosch 1;Dec-24;;47656,8;;Inactive;
Olievenhoutbosch 1;Jan-25;;46872;;Inactive;
Olievenhoutbosch 1;Feb-25;;40989,6;;Inactive;
Olievenhoutbosch 1;Mar-25;;39989,7;;Inactive;
Olievenhoutbosch 1;Apr-25;;34783,2;;Inactive;
Olievenhoutbosch 1;May-25;;32139;;Inactive;
Olievenhoutbosch 1;Jun-25;;28357,2;;Inactive;
Olievenhoutbosch 1;Jul-25;;31229,1;;Inactive;
Olievenhoutbosch 1;Aug-25;;36815,4;;Inactive;
Olievenhoutbosch 1;Sept-25;;40778,1;;Inactive;
Olievenhoutbosch 1;Oct-25;42200;46206,07902;91,3%;Expected;
Olievenhoutbosch 1;Nov-25;37652;46619,21686;80,8%;Moderate;
Olievenhoutbosch 1;Dec-25;32569;47594,51519;68,4%;Poor;
Olievenhoutbosch 1;Jan-26;43979,9977;46782,84051;94,0%;Expected;
Olievenhoutbosch 1;Feb-26;35538,4873;40887,2456;86,9%;Moderate;
Olievenhoutbosch 1;Mar-26;34079;39868,3673;85,5%;Moderate;
Olievenhoutbosch 1;Apr-26;26385,27;34656,99558;76,1%;Moderate;
Olievenhoutbosch 1;May-26;29535,2;32003,91893;92,3%;Expected;
Olievenhoutbosch 1;Jun-26;18559;28221,18337;65,8%;Poor;
Meredale Heights ;Jul-26;5690;5285,815407;107,6%;Expected;NO
Olievenhoutbosch 1;Aug-26;35179,4355;36595,85475;96,1%;Expected;NO
Meredale Heights ;Sept-26;5211,5;5478,727632;95,1%;Expected;NO
Olievenhoutbosch 1;Oct-26;;45882,85708;;Inactive;
Olievenhoutbosch 1;Nov-26;;46293,10492;;Inactive;
Olievenhoutbosch 1;Dec-26;;47261,58082;;Inactive;
Olievenhoutbosch 2;Jan-24;;12369,6;;Inactive;
Olievenhoutbosch 2;Feb-24;;10801,8;;Inactive;
Olievenhoutbosch 2;Mar-24;;10537,2;;Inactive;
Olievenhoutbosch 2;Apr-24;;9173,7;;Inactive;
Olievenhoutbosch 2;May-24;;8503,2;;Inactive;
Olievenhoutbosch 2;Jun-24;;7545,6;;Inactive;
Olievenhoutbosch 2;Jul-24;;8307;;Inactive;
Olievenhoutbosch 2;Aug-24;;9720,9;;Inactive;
Olievenhoutbosch 2;Sept-24;;10755,9;;Inactive;
Olievenhoutbosch 2;Oct-24;;12190,5;;Inactive;
Olievenhoutbosch 2;Nov-24;;12263,4;;Inactive;
Olievenhoutbosch 2;Dec-24;;12539,7;;Inactive;
Olievenhoutbosch 2;Jan-25;;12369,6;;Inactive;
Olievenhoutbosch 2;Feb-25;;10801,8;;Inactive;
Olievenhoutbosch 2;Mar-25;;10537,2;;Inactive;
Olievenhoutbosch 2;Apr-25;;9173,7;;Inactive;
Olievenhoutbosch 2;May-25;;8503,2;;Inactive;
Olievenhoutbosch 2;Jun-25;;7545,6;;Inactive;
Olievenhoutbosch 2;Jul-25;;8307;;Inactive;
Olievenhoutbosch 2;Aug-25;;9720,9;;Inactive;
Olievenhoutbosch 2;Sept-25;;10755,9;;Inactive;
Olievenhoutbosch 2;Oct-25;11800;12188,85895;96,8%;Expected;
Olievenhoutbosch 2;Nov-25;9938;12254,44082;81,1%;Moderate;
Olievenhoutbosch 2;Dec-25;9094;12523,3113;72,6%;Moderate;
Olievenhoutbosch 2;Jan-26;11835,67402;12346,07066;95,9%;Expected;
Olievenhoutbosch 2;Feb-26;9479,82875;10774,82702;88,0%;Moderate;
Olievenhoutbosch 2;Mar-26;9043;10505,2291;86,1%;Moderate;
Olievenhoutbosch 2;Apr-26;7039,32;9140,414923;77,0%;Moderate;
Olievenhoutbosch 2;May-26;8144,81;8467,460825;96,2%;Expected;
Olievenhoutbosch 2;Jun-26;5600;7509,407178;74,6%;Moderate;
Monument Park Checkers;Jul-26;27326,29;27900,21657;97,9%;Expected;NO
Olievenhoutbosch 2;Aug-26;9590,42486;9662,930308;99,2%;Expected;NO
Monument Park Checkers;Sept-26;33460,18;35884,03818;93,2%;Expected;NO
Olievenhoutbosch 2;Oct-26;;12103,59513;;Inactive;
Olievenhoutbosch 2;Nov-26;;12168,71825;;Inactive;
Olievenhoutbosch 2;Dec-26;;12435,70792;;Inactive;
Opal Students ;Jan-24;337;5672,412313;5,9%;Poor;
Opal Students ;Feb-24;4222;4767,119656;88,6%;Moderate;
Opal Students ;Mar-24;5410;4918,732563;110,0%;Expected;
Opal Students ;Apr-24;4799;4342,111495;110,5%;Expected;
Opal Students ;May-24;4368;4174,766387;104,6%;Expected;
Opal Students ;Jun-24;3307;3798,921903;87,1%;Moderate;
Opal Students ;Jul-24;3819;4193,136912;91,1%;Expected;
Opal Students ;Aug-24;5147;4813,957047;106,9%;Expected;
Opal Students ;Sept-24;4101;5263,328275;77,9%;Moderate;
Opal Students ;Oct-24;6591;5624,734425;117,2%;Expected;
Opal Students ;Nov-24;4960;5578,531961;88,9%;Moderate;
Opal Students ;Dec-24;652;5943,789962;11,0%;Poor;
Opal Students ;Jan-25;720;5632,62418;12,8%;Poor;
Opal Students ;Feb-25;3776;4733,681538;79,8%;Moderate;
Opal Students ;Mar-25;4415;4884,324919;90,4%;Expected;
Opal Students ;Apr-25;3551;4311,737446;82,4%;Moderate;
Opal Students ;May-25;4580;4145,562954;110,5%;Expected;
Opal Students ;Jun-25;3965,8;3772,347587;105,1%;Expected;
Opal Students ;Jul-25;4015;4163,804973;96,4%;Expected;
Opal Students ;Aug-25;4593;4780,282332;96,1%;Expected;
Opal Students ;Sept-25;4428;5226,510106;84,7%;Moderate;
Opal Students ;Oct-25;6002;5585,388139;107,5%;Expected;
Opal Students ;Nov-25;4286;5539,508871;77,4%;Moderate;
Opal Students ;Dec-25;985;5902,211811;16,7%;Poor;
Opal Students ;Jan-26;1496,8;5593,222703;26,8%;Poor;
Opal Students ;Feb-26;4735;4700,568368;100,7%;Expected;
Opal Students ;Mar-26;4747;4850,157965;97,9%;Expected;
Opal Students ;Apr-26;4037;4281,57587;94,3%;Expected;
Opal Students ;May-26;4180;4116,563806;101,5%;Expected;
Opal Students ;Jun-26;3164;3745,959165;84,5%;Moderate;
Nkambeni Industrial;Jul-26;0;19626,41758;0,0%;Poor;NO
Opal Students ;Aug-26;4901;4746,843179;103,2%;Expected;NO
Nkambeni Industrial;Sept-26;;20961,41223;;Inactive;NO
Opal Students ;Oct-26;;5546,317089;;Inactive;
Opal Students ;Nov-26;;5500,758757;;Inactive;
Opal Students ;Dec-26;;5860,924508;;Inactive;
Orthochem Bethlehem;Jan-24;27336;41057,38335;66,6%;Poor;
Orthochem Bethlehem;Feb-24;34673;35822,87435;96,8%;Expected;
Orthochem Bethlehem;Mar-24;35335;36383,9186;97,1%;Expected;
Orthochem Bethlehem;Apr-24;23354;33422,3507;69,9%;Poor;
Orthochem Bethlehem;May-24;24682;32761,45416;75,3%;Moderate;
Orthochem Bethlehem;Jun-24;21004;29820,85184;70,4%;Moderate;
Orthochem Bethlehem;Jul-24;24855;32227,78699;77,1%;Moderate;
Orthochem Bethlehem;Aug-24;27804;36223,57702;76,8%;Moderate;
Orthochem Bethlehem;Sept-24;24854;37059,52665;67,1%;Poor;
Orthochem Bethlehem;Oct-24;41343;39825,23023;103,8%;Expected;
Orthochem Bethlehem;Nov-24;40614;39947,64244;101,7%;Expected;
Orthochem Bethlehem;Dec-24;20454;42172,63516;48,5%;Poor;
Orthochem Bethlehem;Jan-25;35500;40769,39359;87,1%;Moderate;
Orthochem Bethlehem;Feb-25;33170;35571,60113;93,2%;Expected;
Orthochem Bethlehem;Mar-25;29562;36129,40488;81,8%;Moderate;
Orthochem Bethlehem;Apr-25;23660;33188,55382;71,3%;Moderate;
Orthochem Bethlehem;May-25;27021;32532,2804;83,1%;Moderate;
Orthochem Bethlehem;Jun-25;23016,87;29612,24826;77,7%;Moderate;
Orthochem Bethlehem;Jul-25;23980;32002,34635;74,9%;Moderate;
Orthochem Bethlehem;Aug-25;26825;35970,18493;74,6%;Moderate;
Orthochem Bethlehem;Sept-25;29989;36800,2869;81,5%;Moderate;
Orthochem Bethlehem;Oct-25;39431,18;39546,64376;99,7%;Expected;
Orthochem Bethlehem;Nov-25;36933;39668,19967;93,1%;Expected;
Orthochem Bethlehem;Dec-25;24542;41877,62807;58,6%;Poor;
Orthochem Bethlehem;Jan-26;38558,8383;40484,20249;95,2%;Expected;
Orthochem Bethlehem;Feb-26;35289,59486;35322,76976;99,9%;Expected;
Orthochem Bethlehem;Mar-26;33082;35876,67155;92,2%;Expected;
Orthochem Bethlehem;Apr-26;26958,67;32956,3924;81,8%;Moderate;
Orthochem Bethlehem;May-26;28264,56;32304,70976;87,5%;Moderate;
Orthochem Bethlehem;Jun-26;20267,33;29405,1039;68,9%;Poor;
Olievenhoutbosch 1;Jul-26;27717,5927;31061,3815;89,2%;Moderate;YES
Orthochem Bethlehem;Aug-26;24964,912;35718,56537;69,9%;Poor;YES
Olievenhoutbosch 1;Sept-26;35252,9187;40510,76372;87,0%;Moderate;NO
Orthochem Bethlehem;Oct-26;;39270,00607;;Inactive;
Orthochem Bethlehem;Nov-26;;39390,71167;;Inactive;
Orthochem Bethlehem;Dec-26;;41584,68461;;Inactive;
PNB Unlimited;Jan-24;12283;11292,63408;108,8%;Expected;
PNB Unlimited;Feb-24;11752;9644,36153;121,9%;Expected;
PNB Unlimited;Mar-24;11293;10111,16357;111,7%;Expected;
PNB Unlimited;Apr-24;10034;8614,66099;116,5%;Expected;
PNB Unlimited;May-24;7886;8334,947847;94,6%;Expected;
PNB Unlimited;Jun-24;9067;7512,326667;120,7%;Expected;
PNB Unlimited;Jul-24;8952;8275,563982;108,2%;Expected;
PNB Unlimited;Aug-24;8952;9560,145312;93,6%;Expected;
PNB Unlimited;Sept-24;8110;10427,06352;77,8%;Moderate;
PNB Unlimited;Oct-24;12770;11106,2029;115,0%;Expected;
PNB Unlimited;Nov-24;10951;11031,49011;99,3%;Expected;
PNB Unlimited;Dec-24;11135;11766,09839;94,6%;Expected;
PNB Unlimited;Jan-25;10294;11213,42389;91,8%;Expected;
PNB Unlimited;Feb-25;7952;9576,712862;83,0%;Moderate;
PNB Unlimited;Mar-25;9856;10040,4337;98,2%;Expected;
PNB Unlimited;Apr-25;7739;8554,399493;90,5%;Expected;
PNB Unlimited;May-25;9189;8276,643007;111,0%;Expected;
PNB Unlimited;Jun-25;7656,32;7459,776247;102,6%;Expected;
PNB Unlimited;Jul-25;8158;8217,674545;99,3%;Expected;
PNB Unlimited;Aug-25;5429;9493,269939;57,2%;Poor;
PNB Unlimited;Sept-25;7249;10354,12386;70,0%;Moderate;
PNB Unlimited;Oct-25;8107;11028,5125;73,5%;Moderate;
PNB Unlimited;Nov-25;2305;10954,32235;21,0%;Poor;
PNB Unlimited;Dec-25;7641;11683,79188;65,4%;Poor;
PNB Unlimited;Jan-26;9717;11134,98346;87,3%;Moderate;
PNB Unlimited;Feb-26;8045;9509,721595;84,6%;Moderate;
PNB Unlimited;Mar-26;7035;9970,198598;70,6%;Moderate;
PNB Unlimited;Apr-26;3742,54;8494,559539;44,1%;Poor;
PNB Unlimited;May-26;6041,14;8218,746022;73,5%;Moderate;
PNB Unlimited;Jun-26;3334;7407,59343;45,0%;Poor;
Olievenhoutbosch 2;Jul-26;7966,57334;8262,38656;96,4%;Expected;YES
PNB Unlimited;Aug-26;6624;9426,862375;70,3%;Moderate;YES
Olievenhoutbosch 2;Sept-26;9418,84416;10685,38562;88,1%;Moderate;NO
PNB Unlimited;Oct-26;;10951,36557;;Inactive;
PNB Unlimited;Nov-26;;10877,69439;;Inactive;
PNB Unlimited;Dec-26;;11602,06112;;Inactive;
Plastiplate ;Jan-24;4452;8491,806146;52,4%;Poor;
Plastiplate ;Feb-24;6906;7375,844909;93,6%;Expected;
Plastiplate ;Mar-24;6752;7831,202083;86,2%;Moderate;
Plastiplate ;Apr-24;6350;6894,377789;92,1%;Expected;
Plastiplate ;May-24;7236;6763,557115;107,0%;Expected;
Plastiplate ;Jun-24;6002;6283,423794;95,5%;Expected;
Plastiplate ;Jul-24;7142;6842,503684;104,4%;Expected;
Plastiplate ;Aug-24;6654;7730,226986;86,1%;Moderate;
Plastiplate ;Sept-24;6375;8212,021788;77,6%;Moderate;
Plastiplate ;Oct-24;6305;8639,499715;73,0%;Moderate;
Plastiplate ;Nov-24;7074;8403,594939;84,2%;Moderate;
Plastiplate ;Dec-24;3371;8946,024561;37,7%;Poor;
Plastiplate ;Jan-25;5083;8432,241873;60,3%;Poor;
Plastiplate ;Feb-25;4977;7324,108349;68,0%;Poor;
Plastiplate ;Mar-25;5306;7776,421058;68,2%;Poor;
Plastiplate ;Apr-25;4700;6846,150061;68,7%;Poor;
Plastiplate ;May-25;6568;6716,244507;97,8%;Expected;
Plastiplate ;Jun-25;6255,59;6239,469827;100,3%;Expected;
Plastiplate ;Jul-25;5980;6794,638827;88,0%;Moderate;
Plastiplate ;Aug-25;6685;7676,152305;87,1%;Moderate;
Plastiplate ;Sept-25;7118;8154,576843;87,3%;Moderate;
Plastiplate ;Oct-25;7677;8579,064466;89,5%;Moderate;
Plastiplate ;Nov-25;5691;8344,809897;68,2%;Poor;
Plastiplate ;Dec-25;3680;8883,445101;41,4%;Poor;
Plastiplate ;Jan-26;5605;8373,25644;66,9%;Poor;
Plastiplate ;Feb-26;7388;7272,874559;101,6%;Expected;
Plastiplate ;Mar-26;6319,4;7722,023239;81,8%;Moderate;
Plastiplate ;Apr-26;4370;6798,259697;64,3%;Poor;
Plastiplate ;May-26;5968;6669,262862;89,5%;Moderate;
Plastiplate ;Jun-26;5956;6195,823329;96,1%;Expected;
Opal Students ;Jul-26;3812;4134,678219;92,2%;Expected;NO
Plastiplate ;Aug-26;6801;7622,455888;89,2%;Moderate;NO
Opal Students ;Sept-26;4904;5189,949489;94,5%;Expected;NO
Plastiplate ;Oct-26;;8519,051975;;Inactive;
Plastiplate ;Nov-26;;8286,436069;;Inactive;
Plastiplate ;Dec-26;;8821,303399;;Inactive;
Q-lity Meat;Jan-24;4700;4875,500423;96,4%;Expected;
Q-lity Meat;Feb-24;4300;4507,380637;95,4%;Expected;
Q-lity Meat;Mar-24;5200;4730,536138;109,9%;Expected;
Q-lity Meat;Apr-24;4500;4148,308434;108,5%;Expected;
Q-lity Meat;May-24;4300;4092,158574;105,1%;Expected;
Q-lity Meat;Jun-24;3800;3703,900319;102,6%;Expected;
Q-lity Meat;Jul-24;4100;4075,478197;100,6%;Expected;
Q-lity Meat;Aug-24;4000;4588,240669;87,2%;Moderate;
Q-lity Meat;Sept-24;3700;4756,212034;77,8%;Moderate;
Q-lity Meat;Oct-24;5479;5022,980493;109,1%;Expected;
Q-lity Meat;Nov-24;5500;4815,878694;114,2%;Expected;
Q-lity Meat;Dec-24;2742;5030,36385;54,5%;Poor;
Q-lity Meat;Jan-25;5100;4841,302087;105,3%;Expected;
Q-lity Meat;Feb-25;3970;4475,764413;88,7%;Moderate;
Q-lity Meat;Mar-25;4540;4697,444971;96,6%;Expected;
Q-lity Meat;Apr-25;3526;4119,290081;85,6%;Moderate;
Q-lity Meat;May-25;4309;4063,533002;106,0%;Expected;
Q-lity Meat;Jun-25;3564;3677,990701;96,9%;Expected;
Q-lity Meat;Jul-25;3444;4046,969307;85,1%;Moderate;
Q-lity Meat;Aug-25;4434;4556,14489;97,3%;Expected;
Q-lity Meat;Sept-25;4300;4722,941258;91,0%;Expected;
Q-lity Meat;Oct-25;4956;4987,843611;99,4%;Expected;
Q-lity Meat;Nov-25;4173;4782,190536;87,3%;Moderate;
Q-lity Meat;Dec-25;5010;4995,17532;100,3%;Expected;
Q-lity Meat;Jan-26;4573;4807,436087;95,1%;Expected;
Q-lity Meat;Feb-26;4586,77;4444,455431;103,2%;Expected;
Q-lity Meat;Mar-26;4089;4664,585284;87,7%;Moderate;
Q-lity Meat;Apr-26;844,2;4090,474718;20,6%;Poor;
Q-lity Meat;May-26;0;4035,107672;0,0%;Poor;
Q-lity Meat;Jun-26;;3652,262327;;Inactive;
Orthochem Bethlehem;Jul-26;25915,637;31778,48272;81,6%;Moderate;YES
Q-lity Meat;Aug-26;;4524,273629;;Inactive;NO
Orthochem Bethlehem;Sept-26;22767,14842;36542,86059;62,3%;Poor;NO
Q-lity Meat;Oct-26;;4952,95252;;Inactive;
Q-lity Meat;Nov-26;;4748,738034;;Inactive;
Q-lity Meat;Dec-26;;4960,232942;;Inactive;
Quintondale;Jan-24;6159;5831,497105;105,6%;Expected;
Quintondale;Feb-24;4495;5232,360509;85,9%;Moderate;
Quintondale;Mar-24;5040;5626,802549;89,6%;Moderate;
Quintondale;Apr-24;4485;5015,959428;89,4%;Moderate;
Quintondale;May-24;4861;5130,076189;94,8%;Expected;
Quintondale;Jun-24;3929;4752,437385;82,7%;Moderate;
Quintondale;Jul-24;4619;5221,086048;88,5%;Moderate;
Quintondale;Aug-24;5354;5739,381926;93,3%;Expected;
Quintondale;Sept-24;4908;5921,548817;82,9%;Moderate;
Quintondale;Oct-24;6335;6023,389317;105,2%;Expected;
Quintondale;Nov-24;5824;5823,025806;100,0%;Expected;
Quintondale;Dec-24;6091;6073,04561;100,3%;Expected;
Quintondale;Jan-25;5309;5790,5931;91,7%;Expected;
Quintondale;Feb-25;3761;5195,659041;72,4%;Moderate;
Quintondale;Mar-25;4074;5587,441796;72,9%;Moderate;
Quintondale;Apr-25;3902;4980,87166;78,3%;Moderate;
Quintondale;May-25;5047;5094,190149;99,1%;Expected;
Quintondale;Jun-25;4585,36;4719,193013;97,2%;Expected;
Quintondale;Jul-25;4750;5184,563374;91,6%;Expected;
Quintondale;Aug-25;4940;5699,233655;86,7%;Moderate;
Quintondale;Sept-25;4923;5880,126247;83,7%;Moderate;
Quintondale;Oct-25;5673;5981,25435;94,8%;Expected;
Quintondale;Nov-25;4641;5782,292427;80,3%;Moderate;
Quintondale;Dec-25;5262;6030,563286;87,3%;Moderate;
Quintondale;Jan-26;5546;5750,086595;96,5%;Expected;
Quintondale;Feb-26;5201,23;5159,314234;100,8%;Expected;
Quintondale;Mar-26;4579;5548,356381;82,5%;Moderate;
Quintondale;Apr-26;4134,11;4946,02934;83,6%;Moderate;
Quintondale;May-26;4665,67;5058,555139;92,2%;Expected;
Quintondale;Jun-26;3785;4686,181194;80,8%;Moderate;
Plastiplate ;Jul-26;6917;6747,108796;102,5%;Expected;NO
Quintondale;Aug-26;5246;5659,36623;92,7%;Expected;NO
Plastiplate ;Sept-26;6037,27;8097,533739;74,6%;Moderate;NO
Quintondale;Oct-26;;5939,414126;;Inactive;
Quintondale;Nov-26;;5741,843988;;Inactive;
Quintondale;Dec-26;;5988,378136;;Inactive;
Riverside Lodge ;Jan-24;6600;17022,66906;38,8%;Poor;
Riverside Lodge ;Feb-24;13300;14954,98628;88,9%;Moderate;
Riverside Lodge ;Mar-24;15420;16197,55459;95,2%;Expected;
Riverside Lodge ;Apr-24;12860;14161,45642;90,8%;Expected;
Riverside Lodge ;May-24;14610;14682,61172;99,5%;Expected;
Riverside Lodge ;Jun-24;12010;13768,55622;87,2%;Moderate;
Riverside Lodge ;Jul-24;13050;14990,03881;87,1%;Moderate;
Riverside Lodge ;Aug-24;17380;16620,20253;104,6%;Expected;
Riverside Lodge ;Sept-24;15040;16780,42525;89,6%;Moderate;
Riverside Lodge ;Oct-24;16040;17412,99073;92,1%;Expected;
Riverside Lodge ;Nov-24;12800;16425,93923;77,9%;Moderate;
Riverside Lodge ;Dec-24;11928;17538,02383;68,0%;Poor;
Riverside Lodge ;Jan-25;11300;16903,26656;66,9%;Poor;
Riverside Lodge ;Feb-25;8382;14850,08717;56,4%;Poor;
Riverside Lodge ;Mar-25;11945;16084,24904;74,3%;Moderate;
Riverside Lodge ;Apr-25;13271;14062,39384;94,4%;Expected;
Riverside Lodge ;May-25;17380;14579,90354;119,2%;Expected;
Riverside Lodge ;Jun-25;15760,44;13672,24206;115,3%;Expected;
Riverside Lodge ;Jul-25;15336;14885,1801;103,0%;Expected;
Riverside Lodge ;Aug-25;18373;16503,94046;111,3%;Expected;
Riverside Lodge ;Sept-25;14826;16663,04239;89,0%;Moderate;
Riverside Lodge ;Oct-25;14653;17291,18294;84,7%;Moderate;
Riverside Lodge ;Nov-25;11613;16311,03608;71,2%;Moderate;
Riverside Lodge ;Dec-25;12623;17415,3414;72,5%;Moderate;
Riverside Lodge ;Jan-26;13947;16785,0244;83,1%;Moderate;
Riverside Lodge ;Feb-26;15878;14746,20746;107,7%;Expected;
Riverside Lodge ;Mar-26;15307;15971,73609;95,8%;Expected;
Riverside Lodge ;Apr-26;13476;13964,02422;96,5%;Expected;
Riverside Lodge ;May-26;16989;14477,91383;117,3%;Expected;
Riverside Lodge ;Jun-26;13699;13576,60165;100,9%;Expected;
PNB Unlimited;Jul-26;6388;8160,190058;78,3%;Moderate;NO
Riverside Lodge ;Aug-26;18348;16388,49167;112,0%;Expected;NO
PNB Unlimited;Sept-26;6723,42;10281,69443;65,4%;Poor;NO
Riverside Lodge ;Oct-26;;17170,22721;;Inactive;
Riverside Lodge ;Nov-26;;16196,93671;;Inactive;
Riverside Lodge ;Dec-26;;17293,51716;;Inactive;
Roan Foods;Jan-24;;20178;;Inactive;
Roan Foods;Feb-24;;17954;;Inactive;
Roan Foods;Mar-24;;19150;;Inactive;
Roan Foods;Apr-24;;18060;;Inactive;
Roan Foods;May-24;;18124;;Inactive;
Roan Foods;Jun-24;;15908;;Inactive;
Roan Foods;Jul-24;;16827;;Inactive;
Roan Foods;Aug-24;;19405;;Inactive;
Roan Foods;Sept-24;;19981;;Inactive;
Roan Foods;Oct-24;;22401;;Inactive;
Roan Foods;Nov-24;;20125;;Inactive;
Roan Foods;Dec-24;;20771;;Inactive;
Roan Foods;Jan-25;;20178;;Inactive;
Roan Foods;Feb-25;;17954;;Inactive;
Roan Foods;Mar-25;;19150;;Inactive;
Roan Foods;Apr-25;;18060;;Inactive;
Roan Foods;May-25;;18124;;Inactive;
Roan Foods;Jun-25;;15908;;Inactive;
Roan Foods;Jul-25;;16827;;Inactive;
Roan Foods;Aug-25;;19405;;Inactive;
Roan Foods;Sept-25;;19981;;Inactive;
Roan Foods;Oct-25;;22401;;Inactive;
Roan Foods;Nov-25;;20125;;Inactive;
Roan Foods;Dec-25;;20771;;Inactive;
Roan Foods;Jan-26;;20178;;Inactive;
Roan Foods;Feb-26;;17954;;Inactive;
Roan Foods;Mar-26;;19150;;Inactive;
Roan Foods;Apr-26;10820;18060;59,9%;Poor;
Roan Foods;May-26;11820;18113,89437;65,3%;Poor;
Roan Foods;Jun-26;10720;15889,6537;67,5%;Poor;
Q-lity Meat;Jul-26;0;4018,659844;0,0%;Poor;NO
Roan Foods;Aug-26;9230;19359,89485;47,7%;Poor;NO
Q-lity Meat;Sept-26;;4689,903218;;Inactive;NO
Roan Foods;Oct-26;;22322,72713;;Inactive;
Roan Foods;Nov-26;;20042,72677;;Inactive;
Roan Foods;Dec-26;;20674,15403;;Inactive;
SR Morula TF 1;Jan-24;;9307,8;;Inactive;
SR Morula TF 1;Feb-24;;8001,9;;Inactive;
SR Morula TF 1;Mar-24;;7803,9;;Inactive;
SR Morula TF 1;Apr-24;;6785,1;;Inactive;
SR Morula TF 1;May-24;;6244,2;;Inactive;
SR Morula TF 1;Jun-24;;5524,2;;Inactive;
SR Morula TF 1;Jul-24;;6086,7;;Inactive;
SR Morula TF 1;Aug-24;;2298,193548;;Inactive;
SR Morula TF 1;Sept-24;;7864,2;;Inactive;
SR Morula TF 1;Oct-24;;9007,2;;Inactive;
SR Morula TF 1;Nov-24;;8999,1;;Inactive;
SR Morula TF 1;Dec-24;;9241,2;;Inactive;
SR Morula TF 1;Jan-25;;9307,8;;Inactive;
SR Morula TF 1;Feb-25;;8001,9;;Inactive;
SR Morula TF 1;Mar-25;;7803,9;;Inactive;
SR Morula TF 1;Apr-25;;6785,1;;Inactive;
SR Morula TF 1;May-25;;6244,2;;Inactive;
SR Morula TF 1;Jun-25;;5524,2;;Inactive;
SR Morula TF 1;Jul-25;;6086,7;;Inactive;
SR Morula TF 1;Aug-25;2845;2298,193548;123,8%;Expected;
SR Morula TF 1;Sept-25;7367;7862,385245;93,7%;Expected;
SR Morula TF 1;Oct-25;8824;8999,927294;98,0%;Expected;
SR Morula TF 1;Nov-25;7686;8986,474476;85,5%;Moderate;
SR Morula TF 1;Dec-25;9330;9222,911933;101,2%;Expected;
SR Morula TF 1;Jan-26;9387;9283,84343;101,1%;Expected;
SR Morula TF 1;Feb-26;8600;7976,547519;107,8%;Expected;
SR Morula TF 1;Mar-26;6749;7774,986842;86,8%;Moderate;
SR Morula TF 1;Apr-26;6091,51;6755,932351;90,2%;Expected;
SR Morula TF 1;May-26;6169,97;6213,771364;99,3%;Expected;
SR Morula TF 1;Jun-26;4726;5494,003482;86,0%;Moderate;
Quintondale;Jul-26;4628;5148,296183;89,9%;Moderate;NO
SR Morula TF 1;Aug-26;6659;7076,751489;94,1%;Expected;NO
Quintondale;Sept-26;4995,41;5838,993438;85,6%;Moderate;NO
SR Morula TF 1;Oct-26;;8936,970773;;Inactive;
SR Morula TF 1;Nov-26;;8923,61206;;Inactive;
SR Morula TF 1;Dec-26;;9158,395584;;Inactive;
SR Morula TF 1 - Shoprite;Jan-24;;28699,56;;Inactive;
SR Morula TF 1 - Shoprite;Feb-24;;24909,3;;Inactive;
SR Morula TF 1 - Shoprite;Mar-24;;24570;;Inactive;
SR Morula TF 1 - Shoprite;Apr-24;;21388,5;;Inactive;
SR Morula TF 1 - Shoprite;May-24;;19723,5;;Inactive;
SR Morula TF 1 - Shoprite;Jun-24;;17431,2;;Inactive;
SR Morula TF 1 - Shoprite;Jul-24;;19181,7;;Inactive;
SR Morula TF 1 - Shoprite;Aug-24;;7231,354839;;Inactive;
SR Morula TF 1 - Shoprite;Sept-24;;24780,6;;Inactive;
SR Morula TF 1 - Shoprite;Oct-24;;28127,7;;Inactive;
SR Morula TF 1 - Shoprite;Nov-24;;28061,1;;Inactive;
SR Morula TF 1 - Shoprite;Dec-24;;28703,7;;Inactive;
SR Morula TF 1 - Shoprite;Jan-25;;28699,56;;Inactive;
SR Morula TF 1 - Shoprite;Feb-25;;24909,3;;Inactive;
SR Morula TF 1 - Shoprite;Mar-25;;24570;;Inactive;
SR Morula TF 1 - Shoprite;Apr-25;;21388,5;;Inactive;
SR Morula TF 1 - Shoprite;May-25;;19723,5;;Inactive;
SR Morula TF 1 - Shoprite;Jun-25;;17431,2;;Inactive;
SR Morula TF 1 - Shoprite;Jul-25;;19181,7;;Inactive;
SR Morula TF 1 - Shoprite;Aug-25;8229;7231,354839;113,8%;Expected;
SR Morula TF 1 - Shoprite;Sept-25;21334;24774,88159;86,1%;Moderate;
SR Morula TF 1 - Shoprite;Oct-25;26578;28104,98878;94,6%;Expected;
SR Morula TF 1 - Shoprite;Nov-25;22629;28021,73094;80,8%;Moderate;
SR Morula TF 1 - Shoprite;Dec-25;27791;28646,89621;97,0%;Expected;
SR Morula TF 1 - Shoprite;Jan-26;27879;28625,6926;97,4%;Expected;
SR Morula TF 1 - Shoprite;Feb-26;25500;24830,37967;102,7%;Expected;
SR Morula TF 1 - Shoprite;Mar-26;20753;24478,96907;84,8%;Moderate;
SR Morula TF 1 - Shoprite;Apr-26;18061,39;21296,55555;84,8%;Moderate;
SR Morula TF 1 - Shoprite;May-26;18908,48;19627,38533;96,3%;Expected;
SR Morula TF 1 - Shoprite;Jun-26;14035,5;17335,91715;81,0%;Moderate;
Riverside Lodge ;Jul-26;16691;14781,05491;112,9%;Expected;NO
SR Morula TF 1 - Shoprite;Aug-26;20112,53;22268,32371;90,3%;Expected;YES
Riverside Lodge ;Sept-26;16094;16546,48065;97,3%;Expected;NO
SR Morula TF 1 - Shoprite;Oct-26;;27908,38805;;Inactive;
SR Morula TF 1 - Shoprite;Nov-26;;27825,71261;;Inactive;
SR Morula TF 1 - Shoprite;Dec-26;;28446,50471;;Inactive;
SR Morula TF 2;Jan-24;;9601,92;;Inactive;
SR Morula TF 2;Feb-24;;8296,74;;Inactive;
SR Morula TF 2;Mar-24;;8140,5;;Inactive;
SR Morula TF 2;Apr-24;;7017,3;;Inactive;
SR Morula TF 2;May-24;;6430,32;;Inactive;
SR Morula TF 2;Jun-24;;5669,28;;Inactive;
SR Morula TF 2;Jul-24;;6247,44;;Inactive;
SR Morula TF 2;Aug-24;;2367,783871;;Inactive;
SR Morula TF 2;Sept-24;;8154;;Inactive;
SR Morula TF 2;Oct-24;;9352,8;;Inactive;
SR Morula TF 2;Nov-24;;9353,7;;Inactive;
SR Morula TF 2;Dec-24;;9582,3;;Inactive;
SR Morula TF 2;Jan-25;;9601,92;;Inactive;
SR Morula TF 2;Feb-25;;8296,74;;Inactive;
SR Morula TF 2;Mar-25;;8140,5;;Inactive;
SR Morula TF 2;Apr-25;;7017,3;;Inactive;
SR Morula TF 2;May-25;;6430,32;;Inactive;
SR Morula TF 2;Jun-25;;5669,28;;Inactive;
SR Morula TF 2;Jul-25;;6247,44;;Inactive;
SR Morula TF 2;Aug-25;2512;2367,783871;106,1%;Expected;
SR Morula TF 2;Sept-25;7570;8152,11837;92,9%;Expected;
SR Morula TF 2;Oct-25;8856;9345,248246;94,8%;Expected;
SR Morula TF 2;Nov-25;7508;9340,576981;80,4%;Moderate;
SR Morula TF 2;Dec-25;9313;9563,336906;97,4%;Expected;
SR Morula TF 2;Jan-26;9484;9577,206419;99,0%;Expected;
SR Morula TF 2;Feb-26;8425,8;8270,453375;101,9%;Expected;
SR Morula TF 2;Mar-26;7083;8110,339751;87,3%;Moderate;
SR Morula TF 2;Apr-26;6207,8;6987,134174;88,8%;Moderate;
SR Morula TF 2;May-26;6478,04;6398,984382;101,2%;Expected;
SR Morula TF 2;Jun-26;4827;5638,290442;85,6%;Moderate;
Roan Foods;Jul-26;10570;16797,89915;62,9%;Poor;NO
SR Morula TF 2;Aug-26;2900;7291,318912;39,8%;Poor;YES
Roan Foods;Sept-26;11370;19922,6745;57,1%;Poor;NO
SR Morula TF 2;Oct-26;;9279,876126;;Inactive;
SR Morula TF 2;Nov-26;;9275,237538;;Inactive;
SR Morula TF 2;Dec-26;;9496,439207;;Inactive;
Sakhumnotho;Jan-24;1720;5191,478955;33,1%;Poor;
Sakhumnotho;Feb-24;1864;4656,557295;40,0%;Poor;
Sakhumnotho;Mar-24;2167;5018,271863;43,2%;Poor;
Sakhumnotho;Apr-24;1409;4498,566053;31,3%;Poor;
Sakhumnotho;May-24;1672;4604,062613;36,3%;Poor;
Sakhumnotho;Jun-24;1125;4265,425418;26,4%;Poor;
Sakhumnotho;Jul-24;2628;4694,850518;56,0%;Poor;
Sakhumnotho;Aug-24;794;5144,225288;15,4%;Poor;
Sakhumnotho;Sept-24;1822;5295,031268;34,4%;Poor;
Sakhumnotho;Oct-24;2044;5391,48285;37,9%;Poor;
Sakhumnotho;Nov-24;1984;5210,667833;38,1%;Poor;
Sakhumnotho;Dec-24;1687;5439,666375;31,0%;Poor;
Sakhumnotho;Jan-25;2354;5191,478955;45,3%;Poor;
Sakhumnotho;Feb-25;1728;4656,557295;37,1%;Poor;
Sakhumnotho;Mar-25;1704;5018,271863;34,0%;Poor;
Sakhumnotho;Apr-25;1518;4498,566053;33,7%;Poor;
Sakhumnotho;May-25;2450;4604,062613;53,2%;Poor;
Sakhumnotho;Jun-25;2470,27;4265,425418;57,9%;Poor;
Sakhumnotho;Jul-25;2714;4694,850518;57,8%;Poor;
Sakhumnotho;Aug-25;2694;5144,225288;52,4%;Poor;
Sakhumnotho;Sept-25;1488;5295,031268;28,1%;Poor;
Sakhumnotho;Oct-25;380;5391,48285;7,0%;Poor;
Sakhumnotho;Nov-25;;5210,667833;;Inactive;
Sakhumnotho;Dec-25;;5439,666375;;Inactive;
Sakhumnotho;Jan-26;;5191,478955;;Inactive;
Sakhumnotho;Feb-26;;4656,557295;;Inactive;
Sakhumnotho;Mar-26;;5018,271863;;Inactive;
Sakhumnotho;Apr-26;;4498,566053;;Inactive;
Sakhumnotho;May-26;;4604,062613;;Inactive;
Sakhumnotho;Jun-26;;4265,425418;;Inactive;
Sakhumnotho;Jul-26;0;4694,850518;0,0%;Poor;NO
Sakhumnotho;Aug-26;;5144,225288;;Inactive;NO
Sakhumnotho;Sept-26;;5295,031268;;Inactive;NO
Sakhumnotho;Oct-26;;5391,48285;;Inactive;
Sakhumnotho;Nov-26;;5210,667833;;Inactive;
Sakhumnotho;Dec-26;;5439,666375;;Inactive;
SaveMore Alldays - Store;Jan-24;17948;22925,41386;78,3%;Moderate;
SaveMore Alldays - Store;Feb-24;16954;19806,89483;85,6%;Moderate;
SaveMore Alldays - Store;Mar-24;16498;21850,86406;75,5%;Moderate;
SaveMore Alldays - Store;Apr-24;13514;21332,00325;63,4%;Poor;
SaveMore Alldays - Store;May-24;13524;20568,09157;65,8%;Poor;
SaveMore Alldays - Store;Jun-24;11348;18526,80807;61,3%;Poor;
SaveMore Alldays - Store;Jul-24;12215;19492,95931;62,7%;Poor;
SaveMore Alldays - Store;Aug-24;12637;22824,54672;55,4%;Poor;
SaveMore Alldays - Store;Sept-24;12990;22485,12311;57,8%;Poor;
SaveMore Alldays - Store;Oct-24;10518;21853,00737;48,1%;Poor;
SaveMore Alldays - Store;Nov-24;5878;21856,92301;26,9%;Poor;
SaveMore Alldays - Store;Dec-24;17496;23102,54274;75,7%;Moderate;
SaveMore Alldays - Store;Jan-25;16026;22764,6076;70,4%;Moderate;
SaveMore Alldays - Store;Feb-25;13689;19667,96287;69,6%;Poor;
SaveMore Alldays - Store;Mar-25;11995;21698,01234;55,3%;Poor;
SaveMore Alldays - Store;Apr-25;6680;21182,78107;31,5%;Poor;
SaveMore Alldays - Store;May-25;11933;20424,21313;58,4%;Poor;
SaveMore Alldays - Store;Jun-25;9797,26;18397,20887;53,3%;Poor;
SaveMore Alldays - Store;Jul-25;9134,4;19356,60167;47,2%;Poor;
SaveMore Alldays - Store;Aug-25;15551;22664,88386;68,6%;Poor;
SaveMore Alldays - Store;Sept-25;14894;22327,83461;66,7%;Poor;
SaveMore Alldays - Store;Oct-25;17167;21700,14065;79,1%;Moderate;
SaveMore Alldays - Store;Nov-25;14437;21704,02891;66,5%;Poor;
SaveMore Alldays - Store;Dec-25;14721;22940,93524;64,2%;Poor;
SaveMore Alldays - Store;Jan-26;16129;22605,36403;71,4%;Moderate;
SaveMore Alldays - Store;Feb-26;15901;19530,38104;81,4%;Moderate;
SaveMore Alldays - Store;Mar-26;13942;21546,22985;64,7%;Poor;
SaveMore Alldays - Store;Apr-26;12240,56;21034,60274;58,2%;Poor;
SaveMore Alldays - Store;May-26;12352,61;20281,34115;60,9%;Poor;
SaveMore Alldays - Store;Jun-26;11089;18268,51624;60,7%;Poor;
SaveMore Alldays - Store;Jul-26;12059;19221,19787;62,7%;Poor;NO
SaveMore Alldays - Store;Aug-26;13852;22506,33789;61,5%;Poor;NO
SaveMore Alldays - Store;Sept-26;13027,93;22171,64637;58,8%;Poor;NO
SaveMore Alldays - Store;Oct-26;;21548,34327;;Inactive;
SaveMore Alldays - Store;Nov-26;;21552,20433;;Inactive;
SaveMore Alldays - Store;Dec-26;;22780,45823;;Inactive;
Savemore Liquor Alldays ;Jan-24;1424;3296,958109;43,2%;Poor;
Savemore Liquor Alldays ;Feb-24;1471;2844,971638;51,7%;Poor;
Savemore Liquor Alldays ;Mar-24;1705;3141,032536;54,3%;Poor;
Savemore Liquor Alldays ;Apr-24;1306;3065,765352;42,6%;Poor;
Savemore Liquor Alldays ;May-24;856;2955,658087;29,0%;Poor;
Savemore Liquor Alldays ;Jun-24;1086;2661,589491;40,8%;Poor;
Savemore Liquor Alldays ;Jul-24;1232;2799,412961;44,0%;Poor;
Savemore Liquor Alldays ;Aug-24;1007;3279,430578;30,7%;Poor;
Savemore Liquor Alldays ;Sept-24;1218;3229,251743;37,7%;Poor;
Savemore Liquor Alldays ;Oct-24;1389;3142,624107;44,2%;Poor;
Savemore Liquor Alldays ;Nov-24;1731;3143,614138;55,1%;Poor;
Savemore Liquor Alldays ;Dec-24;1418;3321,063054;42,7%;Poor;
Savemore Liquor Alldays ;Jan-25;1493;3273,832179;45,6%;Poor;
Savemore Liquor Alldays ;Feb-25;1368,9;2825,016087;48,5%;Poor;
Savemore Liquor Alldays ;Mar-25;960;3119,060305;30,8%;Poor;
Savemore Liquor Alldays ;Apr-25;694;3044,319631;22,8%;Poor;
Savemore Liquor Alldays ;May-25;580;2934,982592;19,8%;Poor;
Savemore Liquor Alldays ;Jun-25;449,2;2642,971072;17,0%;Poor;
Savemore Liquor Alldays ;Jul-25;575;2779,830436;20,7%;Poor;
Savemore Liquor Alldays ;Aug-25;1437;3256,490221;44,1%;Poor;
Savemore Liquor Alldays ;Sept-25;1257;3206,662399;39,2%;Poor;
Savemore Liquor Alldays ;Oct-25;1616;3120,640743;51,8%;Poor;
Savemore Liquor Alldays ;Nov-25;1463;3121,623848;46,9%;Poor;
Savemore Liquor Alldays ;Dec-25;1836;3297,831469;55,7%;Poor;
Savemore Liquor Alldays ;Jan-26;1637;3250,930985;50,4%;Poor;
Savemore Liquor Alldays ;Feb-26;1801;2805,254463;64,2%;Poor;
Savemore Liquor Alldays ;Mar-26;1516;3097,241774;48,9%;Poor;
Savemore Liquor Alldays ;Apr-26;1353,29;3023,023929;44,8%;Poor;
Savemore Liquor Alldays ;May-26;1302,09;2914,451727;44,7%;Poor;
Savemore Liquor Alldays ;Jun-26;1100;2624,482893;41,9%;Poor;
Savemore Liquor Alldays ;Jul-26;1098;2760,384895;39,8%;Poor;NO
Savemore Liquor Alldays ;Aug-26;1071;3233,710338;33,1%;Poor;NO
Savemore Liquor Alldays ;Sept-26;1290,91;3184,231072;40,5%;Poor;NO
Savemore Liquor Alldays ;Oct-26;;3098,811157;;Inactive;
Savemore Liquor Alldays ;Nov-26;;3099,787385;;Inactive;
Savemore Liquor Alldays ;Dec-26;;3274,762394;;Inactive;
Saverite Durban;Jan-24;8341;12446,15376;67,0%;Poor;
Saverite Durban;Feb-24;8056;10833,42915;74,4%;Moderate;
Saverite Durban;Mar-24;7588;10846,96268;70,0%;Poor;
Saverite Durban;Apr-24;6746;8712,260023;77,4%;Moderate;
Saverite Durban;May-24;6595;7406,282891;89,0%;Moderate;
Saverite Durban;Jun-24;5221;6709,58642;77,8%;Moderate;
Saverite Durban;Jul-24;6498;7223,637865;90,0%;Moderate;
Saverite Durban;Aug-24;6727;8504,030561;79,1%;Moderate;
Saverite Durban;Sept-24;5408;9121,140574;59,3%;Poor;
Saverite Durban;Oct-24;8018;10659,83446;75,2%;Moderate;
Saverite Durban;Nov-24;7818;11055,45114;70,7%;Moderate;
Saverite Durban;Dec-24;9041;12562,53016;72,0%;Moderate;
Saverite Durban;Jan-25;9601;12358,85241;77,7%;Moderate;
Saverite Durban;Feb-25;7317;10757,43997;68,0%;Poor;
Saverite Durban;Mar-25;8211;10771,08573;76,2%;Moderate;
Saverite Durban;Apr-25;6924;8651,315799;80,0%;Moderate;
Saverite Durban;May-25;7428;7354,474271;101,0%;Expected;
Saverite Durban;Jun-25;7026,25;6662,65135;105,5%;Expected;
Saverite Durban;Jul-25;7318;7173,106889;102,0%;Expected;
Saverite Durban;Aug-25;7873;8444,542949;93,2%;Expected;
Saverite Durban;Sept-25;6985;9057,336138;77,1%;Moderate;
Saverite Durban;Oct-25;9680,31;10585,26651;91,5%;Expected;
Saverite Durban;Nov-25;11102;10978,11576;101,1%;Expected;
Saverite Durban;Dec-25;11384;12474,65243;91,3%;Expected;
Saverite Durban;Jan-26;12215;12272,39945;99,5%;Expected;
Saverite Durban;Feb-26;11691;10682,18926;109,4%;Expected;
Saverite Durban;Mar-26;10159;10695,73956;95,0%;Expected;
Saverite Durban;Apr-26;8032;8590,797893;93,5%;Expected;
Saverite Durban;May-26;7738;7303,028065;106,0%;Expected;
Saverite Durban;Jun-26;6442;6616,044601;97,4%;Expected;
Saverite Durban;Jul-26;6823;7122,929388;95,8%;Expected;NO
Saverite Durban;Aug-26;8202;8385,471467;97,8%;Expected;NO
Saverite Durban;Sept-26;7731,86;8993,978029;86,0%;Moderate;NO
Saverite Durban;Oct-26;;10511,22019;;Inactive;
Saverite Durban;Nov-26;;10901,32136;;Inactive;
Saverite Durban;Dec-26;;12387,38942;;Inactive;
Saverite PMB;Jan-24;11804;12933,10654;91,3%;Expected;
Saverite PMB;Feb-24;9158;10723,36961;85,4%;Moderate;
Saverite PMB;Mar-24;9784;11181,61603;87,5%;Moderate;
Saverite PMB;Apr-24;7858;9771,320512;80,4%;Moderate;
Saverite PMB;May-24;7246;8765,61657;82,7%;Moderate;
Saverite PMB;Jun-24;6127;7609,850298;80,5%;Moderate;
Saverite PMB;Jul-24;8521;8420,027369;101,2%;Expected;
Saverite PMB;Aug-24;9050;9578,735427;94,5%;Expected;
Saverite PMB;Sept-24;8302;10292,71711;80,7%;Moderate;
Saverite PMB;Oct-24;11290;11296,48469;99,9%;Expected;
Saverite PMB;Nov-24;10513;12142,7761;86,6%;Moderate;
Saverite PMB;Dec-24;11507;13020,72122;88,4%;Moderate;
Saverite PMB;Jan-25;11679;12842,38955;90,9%;Expected;
Saverite PMB;Feb-25;7567;10648,15243;71,1%;Moderate;
Saverite PMB;Mar-25;9564;11103,3981;86,1%;Moderate;
Saverite PMB;Apr-25;6957;9702,967921;71,7%;Moderate;
Saverite PMB;May-25;7705;8704,299105;88,5%;Moderate;
Saverite PMB;Jun-25;6515,6;7556,617678;86,2%;Moderate;
Saverite PMB;Jul-25;7651;8361,127379;91,5%;Expected;
Saverite PMB;Aug-25;8548;9511,730012;89,9%;Moderate;
Saverite PMB;Sept-25;7542;10220,71723;73,8%;Moderate;
Saverite PMB;Oct-25;10186;11217,46323;90,8%;Expected;
Saverite PMB;Nov-25;10802;12057,83465;89,6%;Moderate;
Saverite PMB;Dec-25;11033;12929,63833;85,3%;Moderate;
Saverite PMB;Jan-26;7790;12752,55414;61,1%;Poor;
Saverite PMB;Feb-26;5171,0647;10573,6662;48,9%;Poor;
Saverite PMB;Mar-26;8153,5;11025,72733;73,9%;Moderate;
Saverite PMB;Apr-26;7873,17;9635,093472;81,7%;Moderate;
Saverite PMB;May-26;7767,8;8643,410569;89,9%;Moderate;
Saverite PMB;Jun-26;7190,68;7503,757433;95,8%;Expected;
Saverite PMB;Jul-26;6825,8941;8302,639407;82,2%;Moderate;NO
Saverite PMB;Aug-26;9679,5108;9445,193316;102,5%;Expected;NO
Saverite PMB;Sept-26;8602,5566;10149,22101;84,8%;Moderate;NO
Saverite PMB;Oct-26;;11138,99454;;Inactive;
Saverite PMB;Nov-26;;11973,48737;;Inactive;
Saverite PMB;Dec-26;;12839,1926;;Inactive;
Secunda Plaza Shops;Jan-24;4297;4316,051694;99,6%;Expected;
Secunda Plaza Shops;Feb-24;4176;3785,425301;110,3%;Expected;
Secunda Plaza Shops;Mar-24;4682;4031,619666;116,1%;Expected;
Secunda Plaza Shops;Apr-24;3965;3532,013156;112,3%;Expected;
Secunda Plaza Shops;May-24;3760;3578,867509;105,1%;Expected;
Secunda Plaza Shops;Jun-24;3240;3317,319002;97,7%;Expected;
Secunda Plaza Shops;Jul-24;3836;3616,402475;106,1%;Expected;
Secunda Plaza Shops;Aug-24;3915;4046,394883;96,8%;Expected;
Secunda Plaza Shops;Sept-24;3746;4211,595589;88,9%;Moderate;
Secunda Plaza Shops;Oct-24;3449;4224,233881;81,6%;Moderate;
Secunda Plaza Shops;Nov-24;4630;4182,740993;110,7%;Expected;
Secunda Plaza Shops;Dec-24;5059;4373,321083;115,7%;Expected;
Secunda Plaza Shops;Jan-25;4475;4285,777513;104,4%;Expected;
Secunda Plaza Shops;Feb-25;3651;3758,873105;97,1%;Expected;
Secunda Plaza Shops;Mar-25;3912;4003,417578;97,7%;Expected;
Secunda Plaza Shops;Apr-25;3361;3507,305927;95,8%;Expected;
Secunda Plaza Shops;May-25;3626;3553,832524;102,0%;Expected;
Secunda Plaza Shops;Jun-25;3199,19;3294,113607;97,1%;Expected;
Secunda Plaza Shops;Jul-25;3303;3591,104924;92,0%;Expected;
Secunda Plaza Shops;Aug-25;3882;4018,089438;96,6%;Expected;
Secunda Plaza Shops;Sept-25;4064;4182,134528;97,2%;Expected;
Secunda Plaza Shops;Oct-25;4609;4194,684412;109,9%;Expected;
Secunda Plaza Shops;Nov-25;3681;4153,481776;88,6%;Moderate;
Secunda Plaza Shops;Dec-25;1203;4342,728716;27,7%;Poor;
Secunda Plaza Shops;Jan-26;3014;4255,797532;70,8%;Moderate;
Secunda Plaza Shops;Feb-26;4641,05;3732,57894;124,3%;Expected;
Secunda Plaza Shops;Mar-26;3756;3975,412769;94,5%;Expected;
Secunda Plaza Shops;Apr-26;3294,1;3482,771531;94,6%;Expected;
Secunda Plaza Shops;May-26;3420,82;3528,972663;96,9%;Expected;
Secunda Plaza Shops;Jun-26;2882;3271,07054;88,1%;Moderate;
Secunda Plaza choppies;Jul-26;0;18309,96813;0,0%;Poor;NO
Secunda Plaza Shops;Aug-26;3905;3989,981996;97,9%;Expected;NO
Secunda Plaza choppies;Sept-26;;22044,89083;;Inactive;NO
Secunda Plaza Shops;Oct-26;;4165,341648;;Inactive;
Secunda Plaza Shops;Nov-26;;4124,427234;;Inactive;
Secunda Plaza Shops;Dec-26;;4312,350349;;Inactive;
Secunda Plaza choppies;Jan-24;14153;22834,62213;62,0%;Poor;
Secunda Plaza choppies;Feb-24;12255;20139,51337;60,9%;Poor;
Secunda Plaza choppies;Mar-24;14981;21474,6491;69,8%;Poor;
Secunda Plaza choppies;Apr-24;12548;18626,98885;67,4%;Poor;
Secunda Plaza choppies;May-24;12499;18471,08102;67,7%;Poor;
Secunda Plaza choppies;Jun-24;10764;16943,38004;63,5%;Poor;
Secunda Plaza choppies;Jul-24;12646;18568,84603;68,1%;Poor;
Secunda Plaza choppies;Aug-24;13284;21195,92151;62,7%;Poor;
Secunda Plaza choppies;Sept-24;12781;22356,57542;57,2%;Poor;
Secunda Plaza choppies;Oct-24;16310;22494,5329;72,5%;Moderate;
Secunda Plaza choppies;Nov-24;16857;22152,76005;76,1%;Moderate;
Secunda Plaza choppies;Dec-24;17902;23110,52312;77,5%;Moderate;
Secunda Plaza choppies;Jan-25;16357;22674,45271;72,1%;Moderate;
Secunda Plaza choppies;Feb-25;13076;19998,24831;65,4%;Poor;
Secunda Plaza choppies;Mar-25;13410;21324,42908;62,9%;Poor;
Secunda Plaza choppies;Apr-25;11361;18496,68886;61,4%;Poor;
Secunda Plaza choppies;May-25;12073;18341,87164;65,8%;Poor;
Secunda Plaza choppies;Jun-25;10687,39;16824,85728;63,5%;Poor;
Secunda Plaza choppies;Jul-25;10449;18438,95277;56,7%;Poor;
Secunda Plaza choppies;Aug-25;10325;21047,65126;49,1%;Poor;
Secunda Plaza choppies;Sept-25;9595;22200,18614;43,2%;Poor;
Secunda Plaza choppies;Oct-25;11068;22337,17856;49,5%;Poor;
Secunda Plaza choppies;Nov-25;10671;21997,79649;48,5%;Poor;
Secunda Plaza choppies;Dec-25;1812;22948,8598;7,9%;Poor;
Secunda Plaza choppies;Jan-26;306;22515,8398;1,4%;Poor;
Secunda Plaza choppies;Feb-26;522,44464;19858,35605;2,6%;Poor;
Secunda Plaza choppies;Mar-26;372;21175,25989;1,8%;Poor;
Secunda Plaza choppies;Apr-26;44,97;18367,30035;0,2%;Poor;
Secunda Plaza choppies;May-26;0;18213,56611;0,0%;Poor;
Secunda Plaza choppies;Jun-26;;16707,16361;;Inactive;
Secunda Plaza Shops;Jul-26;2926,66;3565,984335;82,1%;Moderate;NO
Secunda Plaza choppies;Aug-26;;20900,41819;;Inactive;NO
Secunda Plaza Shops;Sept-26;3972,39;4152,879554;95,7%;Expected;NO
Secunda Plaza choppies;Oct-26;;22180,92496;;Inactive;
Secunda Plaza choppies;Nov-26;;21843,91695;;Inactive;
Secunda Plaza choppies;Dec-26;;22788,32735;;Inactive;
Shoprite Dube ;Jan-24;;23724;;Inactive;
Shoprite Dube ;Feb-24;;20448;;Inactive;
Shoprite Dube ;Mar-24;;19986,3;;Inactive;
Shoprite Dube ;Apr-24;;17181,9;;Inactive;
Shoprite Dube ;May-24;;15369,3;;Inactive;
Shoprite Dube ;Jun-24;;13381,2;;Inactive;
Shoprite Dube ;Jul-24;;15023,7;;Inactive;
Shoprite Dube ;Aug-24;;18071,1;;Inactive;
Shoprite Dube ;Sept-24;;20545,2;;Inactive;
Shoprite Dube ;Oct-24;;23411,7;;Inactive;
Shoprite Dube ;Nov-24;;23583,6;;Inactive;
Shoprite Dube ;Dec-24;;24027,3;;Inactive;
Shoprite Dube ;Jan-25;10100;23724;42,6%;Poor;
Shoprite Dube ;Feb-25;12001;20438,95695;58,7%;Poor;
Shoprite Dube ;Mar-25;13213;19966,70605;66,2%;Poor;
Shoprite Dube ;Apr-25;9636;17154,8246;56,2%;Poor;
Shoprite Dube ;May-25;10261;15336,22981;66,9%;Poor;
Shoprite Dube ;Jun-25;11348,4;13344,44924;85,0%;Moderate;
Shoprite Dube ;Jul-25;14705;14973,79627;98,2%;Expected;
Shoprite Dube ;Aug-25;16958;18000,33877;94,2%;Expected;
Shoprite Dube ;Sept-25;17766;20452,5534;86,9%;Moderate;
Shoprite Dube ;Oct-25;22849;23292,68413;98,1%;Expected;
Shoprite Dube ;Nov-25;20014;23449,7253;85,3%;Moderate;
Shoprite Dube ;Dec-25;21334,1162;23877,12622;89,3%;Moderate;
Shoprite Dube ;Jan-26;23434;23561,67016;99,5%;Expected;
Shoprite Dube ;Feb-26;21742,1962;20295,98184;107,1%;Expected;
Shoprite Dube ;Mar-26;18523;19827,03444;93,4%;Expected;
Shoprite Dube ;Apr-26;15379,43;17034,82273;90,3%;Expected;
Shoprite Dube ;May-26;15576,52;15228,94942;102,3%;Expected;
Shoprite Dube ;Jun-26;12252,53;13251,10181;92,5%;Expected;
Shoprite Dube ;Jul-26;13658;14869,05119;91,9%;Expected;NO
Shoprite Dube ;Aug-26;17067,58;17874,42234;95,5%;Expected;NO
Shoprite Dube ;Sept-26;18587,26;20309,48318;91,5%;Expected;NO
Shoprite Dube ;Oct-26;;23129,74655;;Inactive;
Shoprite Dube ;Nov-26;;23285,68918;;Inactive;
Shoprite Dube ;Dec-26;;23710,10033;;Inactive;
Shoprite Ekhaya;Jan-24;;28380,6;;Inactive;
Shoprite Ekhaya;Feb-24;;24379,2;;Inactive;
Shoprite Ekhaya;Mar-24;;23351,4;;Inactive;
Shoprite Ekhaya;Apr-24;;19887,3;;Inactive;
Shoprite Ekhaya;May-24;;17745,3;;Inactive;
Shoprite Ekhaya;Jun-24;;15502,5;;Inactive;
Shoprite Ekhaya;Jul-24;;17358,3;;Inactive;
Shoprite Ekhaya;Aug-24;;20842,2;;Inactive;
Shoprite Ekhaya;Sept-24;;23841;;Inactive;
Shoprite Ekhaya;Oct-24;;27285,3;;Inactive;
Shoprite Ekhaya;Nov-24;;27841,5;;Inactive;
Shoprite Ekhaya;Dec-24;;28779,3;;Inactive;
Shoprite Ekhaya;Jan-25;;28380,6;;Inactive;
Shoprite Ekhaya;Feb-25;;24379,2;;Inactive;
Shoprite Ekhaya;Mar-25;;23351,4;;Inactive;
Shoprite Ekhaya;Apr-25;;19887,3;;Inactive;
Shoprite Ekhaya;May-25;;17745,3;;Inactive;
Shoprite Ekhaya;Jun-25;;15502,5;;Inactive;
Shoprite Ekhaya;Jul-25;;17358,3;;Inactive;
Shoprite Ekhaya;Aug-25;;20842,2;;Inactive;
Shoprite Ekhaya;Sept-25;;23841;;Inactive;
Shoprite Ekhaya;Oct-25;;27285,3;;Inactive;
Shoprite Ekhaya;Nov-25;;27841,5;;Inactive;
Shoprite Ekhaya;Dec-25;;28779,3;;Inactive;
Shoprite Ekhaya;Jan-26;;28380,6;;Inactive;
Shoprite Ekhaya;Feb-26;;24379,2;;Inactive;
Shoprite Ekhaya;Mar-26;10022;23345,11342;42,9%;Poor;
Shoprite Ekhaya;Apr-26;11511,86;19870,09587;57,9%;Poor;
Shoprite Ekhaya;May-26;14709,43;17719,72217;83,0%;Moderate;
Shoprite Ekhaya;Jun-26;12264,7;15470,92835;79,3%;Moderate;
Shoprite Ekhaya;Jul-26;11339,6067;17312,95697;65,5%;Poor;YES
Shoprite Ekhaya;Aug-26;16951,843;20775,36637;81,6%;Moderate;YES
Shoprite Ekhaya;Sept-26;20723,33622;23750,386;87,3%;Moderate;NO
Shoprite Ekhaya;Oct-26;;27165,91657;;Inactive;
Shoprite Ekhaya;Nov-26;;27703,16136;;Inactive;
Shoprite Ekhaya;Dec-26;;28619,7841;;Inactive;
Shoprite Hillbrow;Jan-24;;20564,65;;Inactive;
Shoprite Hillbrow;Feb-24;;17491,4;;Inactive;
Shoprite Hillbrow;Mar-24;;18246,65;;Inactive;
Shoprite Hillbrow;Apr-24;;15297,85;;Inactive;
Shoprite Hillbrow;May-24;;14953;;Inactive;
Shoprite Hillbrow;Jun-24;;13275,3;;Inactive;
Shoprite Hillbrow;Jul-24;;14678,45;;Inactive;
Shoprite Hillbrow;Aug-24;;17062,95;;Inactive;
Shoprite Hillbrow;Sept-24;;18937,3;;Inactive;
Shoprite Hillbrow;Oct-24;;20481,05;;Inactive;
Shoprite Hillbrow;Nov-24;;20363,35837;;Inactive;
Shoprite Hillbrow;Dec-24;;21875,27808;;Inactive;
Shoprite Hillbrow;Jan-25;18900;20537,77314;92,0%;Expected;
Shoprite Hillbrow;Feb-25;13110;17458,12802;75,1%;Moderate;
Shoprite Hillbrow;Mar-25;11124;18202,13679;61,1%;Poor;
Shoprite Hillbrow;Apr-25;9398;15251,43481;61,6%;Poor;
Shoprite Hillbrow;May-25;10507;14899,03234;70,5%;Moderate;
Shoprite Hillbrow;Jun-25;8615;13219,50356;65,2%;Poor;
Shoprite Hillbrow;Jul-25;9297;14608,32508;63,6%;Poor;
Shoprite Hillbrow;Aug-25;11805;16971,312;69,6%;Poor;
Shoprite Hillbrow;Sept-25;12829;18824,36915;68,2%;Poor;
Shoprite Hillbrow;Oct-25;18800;20347,17004;92,4%;Expected;
Shoprite Hillbrow;Nov-25;15186;20220,91208;75,1%;Moderate;
Shoprite Hillbrow;Dec-25;17488,2707;21722,25558;80,5%;Moderate;
Shoprite Hillbrow;Jan-26;18755;20394,10678;92,0%;Expected;
Shoprite Hillbrow;Feb-26;15395,7162;17336,00447;88,8%;Moderate;
Shoprite Hillbrow;Mar-26;11700;18074,80874;64,7%;Poor;
Shoprite Hillbrow;Apr-26;8798,96;15144,74759;58,1%;Poor;
Shoprite Hillbrow;May-26;8378,25;14794,81025;56,6%;Poor;
Shoprite Hillbrow;Jun-26;6213,16;13127,03015;47,3%;Poor;
Shoprite Hillbrow;Jul-26;6980,78;14506,13655;48,1%;Poor;NO
Shoprite Hillbrow;Aug-26;9821,36;16852,59384;58,3%;Poor;NO
Shoprite Hillbrow;Sept-26;11626,59;18692,68845;62,2%;Poor;YES
Shoprite Hillbrow;Oct-26;;20204,837;;Inactive;
Shoprite Hillbrow;Nov-26;;20079,46224;;Inactive;
Shoprite Hillbrow;Dec-26;;21570,3035;;Inactive;
Shoprite Ladybrand ;Jan-24;;37513,6;;Inactive;
Shoprite Ladybrand ;Feb-24;;31212,25;;Inactive;
Shoprite Ladybrand ;Mar-24;;29700,135;;Inactive;
Shoprite Ladybrand ;Apr-24;;24898,55;;Inactive;
Shoprite Ladybrand ;May-24;;21981,1;;Inactive;
Shoprite Ladybrand ;Jun-24;;18982,9;;Inactive;
Shoprite Ladybrand ;Jul-24;;21551,7;;Inactive;
Shoprite Ladybrand ;Aug-24;;26041,4;;Inactive;
Shoprite Ladybrand ;Sept-24;;29888,9;;Inactive;
Shoprite Ladybrand ;Oct-24;;34700,06068;;Inactive;
Shoprite Ladybrand ;Nov-24;;36854,19671;;Inactive;
Shoprite Ladybrand ;Dec-24;;40057,70686;;Inactive;
Shoprite Ladybrand ;Jan-25;33100;37441,52187;88,4%;Moderate;
Shoprite Ladybrand ;Feb-25;24950;31133,71166;80,1%;Moderate;
Shoprite Ladybrand ;Mar-25;24126;29609,45239;81,5%;Moderate;
Shoprite Ladybrand ;Apr-25;18837;24807,73309;75,9%;Moderate;
Shoprite Ladybrand ;May-25;22373;21888,29189;102,2%;Expected;
Shoprite Ladybrand ;Jun-25;18416,6;18891,48431;97,5%;Expected;
Shoprite Ladybrand ;Jul-25;19123;21435,54253;89,2%;Moderate;
Shoprite Ladybrand ;Aug-25;22404;25885,60666;86,6%;Moderate;
Shoprite Ladybrand ;Sept-25;21900;29692,38094;73,8%;Moderate;
Shoprite Ladybrand ;Oct-25;29612;34457,32593;85,9%;Moderate;
Shoprite Ladybrand ;Nov-25;26751;36596,3933;73,1%;Moderate;
Shoprite Ladybrand ;Dec-25;30623,1004;39777,49416;77,0%;Moderate;
Shoprite Ladybrand ;Jan-26;34009;37179,60998;91,5%;Expected;
Shoprite Ladybrand ;Feb-26;24602,8829;30915,92433;79,6%;Moderate;
Shoprite Ladybrand ;Mar-26;23540;29402,3276;80,1%;Moderate;
Shoprite Ladybrand ;Apr-26;18199,29;24634,1974;73,9%;Moderate;
Shoprite Ladybrand ;May-26;17860,55;21735,17835;82,2%;Moderate;
Shoprite Ladybrand ;Jun-26;14774,05;18759,33411;78,8%;Moderate;
Shoprite Ladybrand ;Jul-26;17814,88;21285,59607;83,7%;Moderate;NO
Shoprite Ladybrand ;Aug-26;21703,83;25704,531;84,4%;Moderate;NO
Shoprite Ladybrand ;Sept-26;20441,04;29484,67604;69,3%;Poor;YES
Shoprite Ladybrand ;Oct-26;;34216,28916;;Inactive;
Shoprite Ladybrand ;Nov-26;;36340,39327;;Inactive;
Shoprite Ladybrand ;Dec-26;;39499,24162;;Inactive;
Shoprite Mini Ganyesa;Jan-24;;34074,9;;Inactive;
Shoprite Mini Ganyesa;Feb-24;;28396,8;;Inactive;
Shoprite Mini Ganyesa;Mar-24;;28665,9;;Inactive;
Shoprite Mini Ganyesa;Apr-24;;24411,6;;Inactive;
Shoprite Mini Ganyesa;May-24;;22266,9;;Inactive;
Shoprite Mini Ganyesa;Jun-24;;19791,9;;Inactive;
Shoprite Mini Ganyesa;Jul-24;;21774,6;;Inactive;
Shoprite Mini Ganyesa;Aug-24;3670;25973,1;14,1%;Poor;
Shoprite Mini Ganyesa;Sept-24;24226;28981,71293;83,6%;Moderate;
Shoprite Mini Ganyesa;Oct-24;29060;33036,55455;88,0%;Moderate;
Shoprite Mini Ganyesa;Nov-24;28700;34322,90508;83,6%;Moderate;
Shoprite Mini Ganyesa;Dec-24;32654;36253,40332;90,1%;Expected;
Shoprite Mini Ganyesa;Jan-25;31900;33991,77334;93,8%;Expected;
Shoprite Mini Ganyesa;Feb-25;24980;28310,64131;88,2%;Moderate;
Shoprite Mini Ganyesa;Mar-25;24068;28563,53906;84,3%;Moderate;
Shoprite Mini Ganyesa;Apr-25;17329;24309,93245;71,3%;Moderate;
Shoprite Mini Ganyesa;May-25;19241;22161,37439;86,8%;Moderate;
Shoprite Mini Ganyesa;Jun-25;18515,91;19686,36316;94,1%;Expected;
Shoprite Mini Ganyesa;Jul-25;18781;21645,99805;86,8%;Moderate;
Shoprite Mini Ganyesa;Aug-25;21235;25804,3123;82,3%;Moderate;
Shoprite Mini Ganyesa;Sept-25;23085;28778,97932;80,2%;Moderate;
Shoprite Mini Ganyesa;Oct-25;25611;32805,4564;78,1%;Moderate;
Shoprite Mini Ganyesa;Nov-25;25276;34082,80861;74,2%;Moderate;
Shoprite Mini Ganyesa;Dec-25;28457,1296;35999,80258;79,0%;Moderate;
Shoprite Mini Ganyesa;Jan-26;29092;33753,99322;86,2%;Moderate;
Shoprite Mini Ganyesa;Feb-26;23486,9398;28112,60198;83,5%;Moderate;
Shoprite Mini Ganyesa;Mar-26;22459;28363,73066;79,2%;Moderate;
Shoprite Mini Ganyesa;Apr-26;18207,86;24139,87899;75,4%;Moderate;
Shoprite Mini Ganyesa;May-26;17848,83;22006,35057;81,1%;Moderate;
Shoprite Mini Ganyesa;Jun-26;14983,63;19548,65261;76,6%;Moderate;
Shoprite Mini Ganyesa;Jul-26;18234;21494,57941;84,8%;Moderate;NO
Shoprite Mini Ganyesa;Aug-26;20218,59;25623,80531;78,9%;Moderate;NO
Shoprite Mayfair;Sept-26;14788,0946;19288,27482;76,7%;Moderate;NO
Shoprite Mini Ganyesa;Oct-26;;32575,97483;;Inactive;
Shoprite Mini Ganyesa;Nov-26;;33844,39168;;Inactive;
Shoprite Mini Ganyesa;Dec-26;;35747,97585;;Inactive;
Shoprite Naledi;Jan-24;;20588,4;;Inactive;
Shoprite Naledi;Feb-24;;17538,3;;Inactive;
Shoprite Naledi;Mar-24;;17897,4;;Inactive;
Shoprite Naledi;Apr-24;;14674,5;;Inactive;
Shoprite Naledi;May-24;;13272,3;;Inactive;
Shoprite Naledi;Jun-24;;11571,3;;Inactive;
Shoprite Naledi;Jul-24;;12990,6;;Inactive;
Shoprite Naledi;Aug-24;;15871,5;;Inactive;
Shoprite Naledi;Sept-24;10570;18317,7;57,7%;Poor;
Shoprite Naledi;Oct-24;18040;20111,24104;89,7%;Moderate;
Shoprite Naledi;Nov-24;18800;20550,55922;91,5%;Expected;
Shoprite Naledi;Dec-24;20883;21893,63659;95,4%;Expected;
Shoprite Naledi;Jan-25;20300;20541,72931;98,8%;Expected;
Shoprite Naledi;Feb-25;13100;17488,11384;74,9%;Moderate;
Shoprite Naledi;Mar-25;12342;17836,57858;69,2%;Poor;
Shoprite Naledi;Apr-25;10819;14615,91444;74,0%;Moderate;
Shoprite Naledi;May-25;15169;13211,68754;114,8%;Expected;
Shoprite Naledi;Jun-25;13081,41;11511,59045;113,6%;Expected;
Shoprite Naledi;Jul-25;14154;12916,11229;109,6%;Expected;
Shoprite Naledi;Aug-25;16190;15771,08773;102,7%;Expected;
Shoprite Naledi;Sept-25;16520;18190,96292;90,8%;Expected;
Shoprite Naledi;Oct-25;20440;19970,55837;102,4%;Expected;
Shoprite Naledi;Nov-25;17928;20406,80343;87,9%;Moderate;
Shoprite Naledi;Dec-25;20527,8823;21740,48567;94,4%;Expected;
Shoprite Naledi;Jan-26;22071;20398,03528;108,2%;Expected;
Shoprite Naledi;Feb-26;18965;17365,78054;109,2%;Expected;
Shoprite Naledi;Mar-26;15865;17711,80769;89,6%;Moderate;
Shoprite Naledi;Apr-26;13806,89;14513,67282;95,1%;Expected;
Shoprite Naledi;May-26;13506,85;13119,26881;103,0%;Expected;
Shoprite Naledi;Jun-26;10711,09;11431,06428;93,7%;Expected;
Shoprite Naledi;Jul-26;9106,96;12825,76118;71,0%;Moderate;YES
Shoprite Naledi;Aug-26;14997,19;15660,76542;95,8%;Expected;NO
Shoprite Mini Ganyesa;Sept-26;17902,21;28577,66386;62,6%;Poor;YES
Shoprite Naledi;Oct-26;;19830,85981;;Inactive;
Shoprite Naledi;Nov-26;;20264,05323;;Inactive;
Shoprite Naledi;Dec-26;;21588,40606;;Inactive;
Shoprite Newlands;Jan-24;;30721,5;;Inactive;
Shoprite Newlands;Feb-24;;24282,9;;Inactive;
Shoprite Newlands;Mar-24;;24146,1;;Inactive;
Shoprite Newlands;Apr-24;;18389,7;;Inactive;
Shoprite Newlands;May-24;;18961,2;;Inactive;
Shoprite Newlands;Jun-24;;15280,2;;Inactive;
Shoprite Newlands;Jul-24;;17361,9;;Inactive;
Shoprite Newlands;Aug-24;;19303,2;;Inactive;
Shoprite Newlands;Sept-24;;18141,3;;Inactive;
Shoprite Newlands;Oct-24;;22548,6;;Inactive;
Shoprite Newlands;Nov-24;;22923,9;;Inactive;
Shoprite Newlands;Dec-24;;28392,3;;Inactive;
Shoprite Newlands;Jan-25;;30721,5;;Inactive;
Shoprite Newlands;Feb-25;;24282,9;;Inactive;
Shoprite Newlands;Mar-25;;24146,1;;Inactive;
Shoprite Newlands;Apr-25;;18389,7;;Inactive;
Shoprite Newlands;May-25;;18961,2;;Inactive;
Shoprite Newlands;Jun-25;;15280,2;;Inactive;
Shoprite Newlands;Jul-25;;17361,9;;Inactive;
Shoprite Newlands;Aug-25;;19303,2;;Inactive;
Shoprite Newlands;Sept-25;;18141,3;;Inactive;
Shoprite Newlands;Oct-25;;22548,6;;Inactive;
Shoprite Newlands;Nov-25;;22923,9;;Inactive;
Shoprite Newlands;Dec-25;18509;28392,3;65,2%;Poor;
Shoprite Newlands;Jan-26;32917;30703,18922;107,2%;Expected;
Shoprite Newlands;Feb-26;31107;24253,96219;128,3%;Expected;
Shoprite Newlands;Mar-26;26454;24104,34139;109,7%;Expected;
Shoprite Newlands;Apr-26;20930,87;18346,95483;114,1%;Expected;
Shoprite Newlands;May-26;20539,96;18906,21495;108,6%;Expected;
Shoprite Newlands;Jun-26;17006,73;15226,80841;111,7%;Expected;
Shoprite Newlands;Jul-26;17999,1711;17291,25518;104,1%;Expected;NO
Shoprite Newlands;Aug-26;22467,354;19213,19773;116,9%;Expected;NO
Shoprite Naledi;Sept-26;15845,86;18063,71303;87,7%;Moderate;NO
Shoprite Newlands;Oct-26;;22417,15124;;Inactive;
Shoprite Newlands;Nov-26;;22776,67983;;Inactive;
Shoprite Newlands;Dec-26;;28193,68946;;Inactive;
Shoprite Thokoza;Jan-24;;18584,1;;Inactive;
Shoprite Thokoza;Feb-24;;16101,9;;Inactive;
Shoprite Thokoza;Mar-24;;15901,2;;Inactive;
Shoprite Thokoza;Apr-24;;13660,2;;Inactive;
Shoprite Thokoza;May-24;;12620,7;;Inactive;
Shoprite Thokoza;Jun-24;;11094,3;;Inactive;
Shoprite Thokoza;Jul-24;;12367,8;;Inactive;
Shoprite Thokoza;Aug-24;;14484,6;;Inactive;
Shoprite Thokoza;Sept-24;;16189,2;;Inactive;
Shoprite Thokoza;Oct-24;;18663,3;;Inactive;
Shoprite Thokoza;Nov-24;;18589,5;;Inactive;
Shoprite Thokoza;Dec-24;;19022,4;;Inactive;
Shoprite Thokoza;Jan-25;;18584,1;;Inactive;
Shoprite Thokoza;Feb-25;;16101,9;;Inactive;
Shoprite Thokoza;Mar-25;;15901,2;;Inactive;
Shoprite Thokoza;Apr-25;4166;13660,2;30,5%;Poor;
Shoprite Thokoza;May-25;5400;12613,42033;42,8%;Poor;
Shoprite Thokoza;Jun-25;8687,3;11081,2921;78,4%;Moderate;
Shoprite Thokoza;Jul-25;7090;12346,1735;57,4%;Poor;
Shoprite Thokoza;Aug-25;10240;14450,65395;70,9%;Moderate;
Shoprite Thokoza;Sept-25;11379;16141,6325;70,5%;Moderate;
Shoprite Thokoza;Oct-25;16828,7;18597,72961;90,5%;Expected;
Shoprite Thokoza;Nov-25;15461;18513,14801;83,5%;Moderate;
Shoprite Thokoza;Dec-25;17561;18933,34284;92,8%;Expected;
Shoprite Thokoza;Jan-26;20127;18486,0701;108,9%;Expected;
Shoprite Thokoza;Feb-26;16780;16007,41703;104,8%;Expected;
Shoprite Thokoza;Mar-26;14651;15799,38435;92,7%;Expected;
Shoprite Thokoza;Apr-26;12498,2;13564,64382;92,1%;Expected;
Shoprite Thokoza;May-26;11697,82;12525,18661;93,4%;Expected;
Shoprite Thokoza;Jun-26;9082,64;11003,77596;82,5%;Moderate;
Shoprite Thokoza;Jul-26;7916,06;12259,80924;64,6%;Poor;NO
Shoprite Thokoza;Aug-26;11233,53;14349,56837;78,3%;Moderate;YES
Shoprite Newlands;Sept-26;21057,6623;18045,9529;116,7%;Expected;NO
Shoprite Thokoza;Oct-26;;18467,63429;;Inactive;
Shoprite Thokoza;Nov-26;;18383,64436;;Inactive;
Shoprite Thokoza;Dec-26;;18800,89984;;Inactive;
Spring Glade;Jan-24;9171;16397,2333;55,9%;Poor;
Spring Glade;Feb-24;8406;14000,4459;60,0%;Poor;
Spring Glade;Mar-24;9529;14900,45921;64,0%;Poor;
Spring Glade;Apr-24;8796;12962,96301;67,9%;Poor;
Spring Glade;May-24;10039;12598,46669;79,7%;Moderate;
Spring Glade;Jun-24;10175;11377,54851;89,4%;Moderate;
Spring Glade;Jul-24;10629;12661,0755;84,0%;Moderate;
Spring Glade;Aug-24;10264;14561,85728;70,5%;Moderate;
Spring Glade;Sept-24;9192;15690,23888;58,6%;Poor;
Spring Glade;Oct-24;10175;16465,45643;61,8%;Poor;
Spring Glade;Nov-24;9431;16129,44777;58,5%;Poor;
Spring Glade;Dec-24;9104;17036,3254;53,4%;Poor;
Spring Glade;Jan-25;5093;16282,21781;31,3%;Poor;
Spring Glade;Feb-25;7532;13902,24225;54,2%;Poor;
Spring Glade;Mar-25;7375;14796,22714;49,8%;Poor;
Spring Glade;Apr-25;7602;12872,28416;59,1%;Poor;
Spring Glade;May-25;10378;12510,33757;83,0%;Moderate;
Spring Glade;Jun-25;10510,45;11297,95999;93,0%;Expected;
Spring Glade;Jul-25;9750;12572,50842;77,6%;Moderate;
Spring Glade;Aug-25;10081;14459,9938;69,7%;Poor;
Spring Glade;Sept-25;11225;15580,48212;72,0%;Moderate;
Spring Glade;Oct-25;9885;16350,27685;60,5%;Poor;
Spring Glade;Nov-25;8679;16016,61865;54,2%;Poor;
Spring Glade;Dec-25;9967;16917,15246;58,9%;Poor;
Spring Glade;Jan-26;9751;16168,32003;60,3%;Poor;
Spring Glade;Feb-26;8451;13804,99293;61,2%;Poor;
Spring Glade;Mar-26;8559;14692,72419;58,3%;Poor;
Spring Glade;Apr-26;7937,13;12782,23963;62,1%;Poor;
Spring Glade;May-26;10005,8;12422,82494;80,5%;Moderate;
Spring Glade;Jun-26;9053;11218,92821;80,7%;Moderate;
Spring Glade;Jul-26;9713,47;12484,56089;77,8%;Moderate;NO
Spring Glade;Aug-26;9565;14358,84288;66,6%;Poor;NO
Shoprite SRH Bizana;Sept-26;13165,4802;17330,18141;76,0%;Moderate;NO
Spring Glade;Oct-26;;16235,90298;;Inactive;
Spring Glade;Nov-26;;15904,57879;;Inactive;
Spring Glade;Dec-26;;16798,81316;;Inactive;
TPF Foods ;Jan-24;3404;3716,551867;91,6%;Expected;
TPF Foods ;Feb-24;3408;3209,586182;106,2%;Expected;
TPF Foods ;Mar-24;3131;3465,953496;90,3%;Expected;
TPF Foods ;Apr-24;2829;3002,879107;94,2%;Expected;
TPF Foods ;May-24;3129;3031,275343;103,2%;Expected;
TPF Foods ;Jun-24;2591;2775,072871;93,4%;Expected;
TPF Foods ;Jul-24;3122;3037,042703;102,8%;Expected;
TPF Foods ;Aug-24;2990;3414,911695;87,6%;Moderate;
TPF Foods ;Sept-24;2990;3639,551013;82,2%;Moderate;
TPF Foods ;Oct-24;4061;3809,337894;106,6%;Expected;
TPF Foods ;Nov-24;3991;3644,363482;109,5%;Expected;
TPF Foods ;Dec-24;3569;3918,815664;91,1%;Expected;
TPF Foods ;Jan-25;3838;3690,482771;104,0%;Expected;
TPF Foods ;Feb-25;2653;3187,073107;83,2%;Moderate;
TPF Foods ;Mar-25;2925;3441,70837;85,0%;Moderate;
TPF Foods ;Apr-25;2246;2981,87329;75,3%;Moderate;
TPF Foods ;May-25;3149;3010,070889;104,6%;Expected;
TPF Foods ;Jun-25;2654,45;2755,660611;96,3%;Expected;
TPF Foods ;Jul-25;2863;3015,797904;94,9%;Expected;
TPF Foods ;Aug-25;3192;3391,023617;94,1%;Expected;
TPF Foods ;Sept-25;3092;3614,091533;85,6%;Moderate;
TPF Foods ;Oct-25;3600;3782,690716;95,2%;Expected;
TPF Foods ;Nov-25;2755;3618,870337;76,1%;Moderate;
TPF Foods ;Dec-25;3248;3891,402665;83,5%;Moderate;
TPF Foods ;Jan-26;3546;3664,667011;96,8%;Expected;
TPF Foods ;Feb-26;3398;3164,778812;107,4%;Expected;
TPF Foods ;Mar-26;2638;3417,632843;77,2%;Moderate;
TPF Foods ;Apr-26;2034,35;2961,014414;68,7%;Poor;
TPF Foods ;May-26;2231,41;2989,014764;74,7%;Moderate;
TPF Foods ;Jun-26;1788;2736,384143;65,3%;Poor;
SR Morula TF 1;Jul-26;2899;6049,937089;47,9%;Poor;YES
TPF Foods ;Aug-26;3050;3367,302642;90,6%;Expected;NO
Shoprite Thokoza;Sept-26;11994,93;16028,71814;74,8%;Moderate;NO
TPF Foods ;Oct-26;;3756,229941;;Inactive;
TPF Foods ;Nov-26;;3593,555523;;Inactive;
TPF Foods ;Dec-26;;3864,181425;;Inactive;
Thakadu Industrial;Jan-24;;0;;Inactive;
Thakadu Industrial;Feb-24;;0;;Inactive;
Thakadu Industrial;Mar-24;;0;;Inactive;
Thakadu Industrial;Apr-24;;0;;Inactive;
Thakadu Industrial;May-24;;0;;Inactive;
Thakadu Industrial;Jun-24;;0;;Inactive;
Thakadu Industrial;Jul-24;;0;;Inactive;
Thakadu Industrial;Aug-24;;0;;Inactive;
Thakadu Industrial;Sept-24;;0;;Inactive;
Thakadu Industrial;Oct-24;;0;;Inactive;
Thakadu Industrial;Nov-24;;0;;Inactive;
Thakadu Industrial;Dec-24;;0;;Inactive;
Thakadu Industrial;Jan-25;;0;;Inactive;
Thakadu Industrial;Feb-25;;0;;Inactive;
Thakadu Industrial;Mar-25;;0;;Inactive;
Thakadu Industrial;Apr-25;;0;;Inactive;
Thakadu Industrial;May-25;;0;;Inactive;
Thakadu Industrial;Jun-25;;0;;Inactive;
Thakadu Industrial;Jul-25;;0;;Inactive;
Thakadu Industrial;Aug-25;;0;;Inactive;
Thakadu Industrial;Sept-25;;0;;Inactive;
Thakadu Industrial;Oct-25;;0;;Inactive;
Thakadu Industrial;Nov-25;;0;;Inactive;
Thakadu Industrial;Dec-25;;0;;Inactive;
Thakadu Industrial;Jan-26;;0;;Inactive;
Thakadu Industrial;Feb-26;;0;;Inactive;
Thakadu Industrial;Mar-26;;0;;Inactive;
Thakadu Industrial;Apr-26;;0;;Inactive;
Thakadu Industrial;May-26;;0;;Inactive;
Thakadu Industrial;Jun-26;;0;;Inactive;
SR Morula TF 1 - Shoprite;Jul-26;10206;19065,84492;53,5%;Poor;YES
Thakadu Industrial;Aug-26;;0;;Inactive;NO
Spring Glade;Sept-26;7250,71;15471,49313;46,9%;Poor;NO
Thakadu Industrial;Oct-26;;0;;Inactive;
Thakadu Industrial;Nov-26;;0;;Inactive;
Thakadu Industrial;Dec-26;;0;;Inactive;
The Alec;Jan-24;6142;7367,989891;83,4%;Moderate;
The Alec;Feb-24;5738;6267,387679;91,6%;Expected;
The Alec;Mar-24;5912;6318,494047;93,6%;Expected;
The Alec;Apr-24;4354;4986,30036;87,3%;Moderate;
The Alec;May-24;3536;4722,36219;74,9%;Moderate;
The Alec;Jun-24;2689;4226,327126;63,6%;Poor;
The Alec;Jul-24;3106;4693,607293;66,2%;Poor;
The Alec;Aug-24;4461;5394,966734;82,7%;Moderate;
The Alec;Sept-24;5033;6289,038494;80,0%;Moderate;
The Alec;Oct-24;6965;7181,289268;97,0%;Expected;
The Alec;Nov-24;6934;7256,29824;95,6%;Expected;
The Alec;Dec-24;7000;7781,886517;90,0%;Moderate;
The Alec;Jan-25;5900;7316,308429;80,6%;Moderate;
The Alec;Feb-25;4280;6223,426196;68,8%;Poor;
The Alec;Mar-25;4292;6274,294756;68,4%;Poor;
The Alec;Apr-25;3097;4951,420064;62,5%;Poor;
The Alec;May-25;3200;4689,328201;68,2%;Poor;
The Alec;Jun-25;2560,4;4196,763015;61,0%;Poor;
The Alec;Jul-25;2823;4660,774451;60,6%;Poor;
The Alec;Aug-25;4200;5357,227724;78,4%;Moderate;
The Alec;Sept-25;4566;6245,045251;73,1%;Moderate;
The Alec;Oct-25;6195,1;7131,054529;86,9%;Moderate;
The Alec;Nov-25;5304;7205,538797;73,6%;Moderate;
The Alec;Dec-25;6296;7727,450466;81,5%;Moderate;
The Alec;Jan-26;6828;7265,129201;94,0%;Expected;
The Alec;Feb-26;6062;6179,891926;98,1%;Expected;
The Alec;Mar-26;4541;6230,404649;72,9%;Moderate;
The Alec;Apr-26;3743;4916,783764;76,1%;Moderate;
The Alec;May-26;3041;4656,525292;65,3%;Poor;
The Alec;Jun-26;2444;4167,405711;58,6%;Poor;
SR Morula TF 2;Jul-26;4951;6209,706239;79,7%;Moderate;YES
The Alec;Aug-26;3881;5319,752708;73,0%;Moderate;NO
SR Morula TF 1;Sept-26;6939,48929;7807,386087;88,9%;Moderate;NO
The Alec;Oct-26;;7081,171195;;Inactive;
The Alec;Nov-26;;7155,134428;;Inactive;
The Alec;Dec-26;;7673,395207;;Inactive;
Three Peaks;Jan-24;3510;4218,97294;83,2%;Moderate;
Three Peaks;Feb-24;3517;3759,209213;93,6%;Expected;
Three Peaks;Mar-24;3409;3852,431181;88,5%;Moderate;
Three Peaks;Apr-24;2977;3220,331961;92,4%;Expected;
Three Peaks;May-24;2754;2885,437138;95,4%;Expected;
Three Peaks;Jun-24;2322;2622,702024;88,5%;Moderate;
Three Peaks;Jul-24;3200;2804,51756;114,1%;Expected;
Three Peaks;Aug-24;1967,434;3182,186854;61,8%;Poor;
Three Peaks;Sept-24;2608;3269,450319;79,8%;Moderate;
Three Peaks;Oct-24;3179;3707,437434;85,7%;Moderate;
Three Peaks;Nov-24;2499;3758,072265;66,5%;Poor;
Three Peaks;Dec-24;2419;4232,628858;57,2%;Poor;
Three Peaks;Jan-25;2940;4189,3797;70,2%;Moderate;
Three Peaks;Feb-25;2482;3732,840905;66,5%;Poor;
Three Peaks;Mar-25;2660;3825,482556;69,5%;Poor;
Three Peaks;Apr-25;3014;3197,805013;94,3%;Expected;
Three Peaks;May-25;3259;2865,252854;113,7%;Expected;
Three Peaks;Jun-25;2701,4;2604,355632;103,7%;Expected;
Three Peaks;Jul-25;2990;2784,899327;107,4%;Expected;
Three Peaks;Aug-25;3504;3159,926739;110,9%;Expected;
Three Peaks;Sept-25;3456;3246,579776;106,5%;Expected;
Three Peaks;Oct-25;4131;3681,503073;112,2%;Expected;
Three Peaks;Nov-25;3798;3731,783702;101,8%;Expected;
Three Peaks;Dec-25;4633;4203,020665;110,2%;Expected;
Three Peaks;Jan-26;5177;4160,074045;124,4%;Expected;
Three Peaks;Feb-26;3087;3706,728841;83,3%;Moderate;
Three Peaks;Mar-26;4035;3798,722443;106,2%;Expected;
Three Peaks;Apr-26;3283;3175,435645;103,4%;Expected;
Three Peaks;May-26;3208;2845,209764;112,8%;Expected;
Three Peaks;Jun-26;3015;2586,137577;116,6%;Expected;
Thakadu Industrial;Jul-26;0;0;;Inactive;NO
Three Peaks;Aug-26;3769;3137,822339;120,1%;Expected;NO
SR Morula TF 1 - Shoprite;Sept-26;20045,69;24601,57571;81,5%;Moderate;NO
Three Peaks;Oct-26;;3655,750129;;Inactive;
Three Peaks;Nov-26;;3705,679033;;Inactive;
Three Peaks;Dec-26;;4173,619587;;Inactive;
Trouw Nutrition;Jan-24;;13239,8064;;Inactive;
Trouw Nutrition;Feb-24;11561;11866,72884;97,4%;Expected;
Trouw Nutrition;Mar-24;11738;12650,4518;92,8%;Expected;
Trouw Nutrition;Apr-24;307;11337,96969;2,7%;Poor;
Trouw Nutrition;May-24;1;11581,67657;0,0%;Poor;
Trouw Nutrition;Jun-24;1;10821,22544;0,0%;Poor;
Trouw Nutrition;Jul-24;6245;11802,03212;52,9%;Poor;
Trouw Nutrition;Aug-24;10791;13009,75035;82,9%;Moderate;
Trouw Nutrition;Sept-24;10127;13274,23392;76,3%;Moderate;
Trouw Nutrition;Oct-24;12940;13643,75922;94,8%;Expected;
Trouw Nutrition;Nov-24;12711;13227,37489;96,1%;Expected;
Trouw Nutrition;Dec-24;12090;13930,385;86,8%;Moderate;
Trouw Nutrition;Jan-25;10838;13146,93812;82,4%;Moderate;
Trouw Nutrition;Feb-25;8901;11783,49176;75,5%;Moderate;
Trouw Nutrition;Mar-25;9398;12561,95903;74,8%;Moderate;
Trouw Nutrition;Apr-25;8195;11258,65803;72,8%;Moderate;
Trouw Nutrition;May-25;6021;11500,66013;52,4%;Poor;
Trouw Nutrition;Jun-25;4341,56;10745,52852;40,4%;Poor;
Trouw Nutrition;Jul-25;6989;11719,47424;59,6%;Poor;
Trouw Nutrition;Aug-25;11205;12918,74421;86,7%;Moderate;
Trouw Nutrition;Sept-25;10024;13181,37766;76,0%;Moderate;
Trouw Nutrition;Oct-25;13192;13548,31805;97,4%;Expected;
Trouw Nutrition;Nov-25;10364;13134,84642;78,9%;Moderate;
Trouw Nutrition;Dec-25;10702;13832,93881;77,4%;Moderate;
Trouw Nutrition;Jan-26;12710;13054,97232;97,4%;Expected;
Trouw Nutrition;Feb-26;12261;11701,06358;104,8%;Expected;
Trouw Nutrition;Mar-26;11049;12474,0853;88,6%;Moderate;
Trouw Nutrition;Apr-26;9364,19;11179,90118;83,8%;Moderate;
Trouw Nutrition;May-26;10132,34;11420,21042;88,7%;Moderate;
Trouw Nutrition;Jun-26;8126;10670,36113;76,2%;Moderate;
The Alec;Jul-26;2690;4628,171283;58,1%;Poor;NO
Trouw Nutrition;Aug-26;11112;12828,37468;86,6%;Moderate;NO
SR Morula TF 2;Sept-26;6579,80132;8095,092464;81,3%;Moderate;NO
Trouw Nutrition;Oct-26;;13453,54451;;Inactive;
Trouw Nutrition;Nov-26;;13042,96521;;Inactive;
Trouw Nutrition;Dec-26;;13736,17429;;Inactive;
U Save Botrivier ;Jan-24;;7299,9;;Inactive;
U Save Botrivier ;Feb-24;;6223,5;;Inactive;
U Save Botrivier ;Mar-24;;6048,9;;Inactive;
U Save Botrivier ;Apr-24;;5130,9;;Inactive;
U Save Botrivier ;May-24;;4621,5;;Inactive;
U Save Botrivier ;Jun-24;;3931,2;;Inactive;
U Save Botrivier ;Jul-24;;4065,3;;Inactive;
U Save Botrivier ;Aug-24;;4723,2;;Inactive;
U Save Botrivier ;Sept-24;;5251,5;;Inactive;
U Save Botrivier ;Oct-24;;6489,9;;Inactive;
U Save Botrivier ;Nov-24;;6813,9;;Inactive;
U Save Botrivier ;Dec-24;;7296,3;;Inactive;
U Save Botrivier ;Jan-25;;7299,9;;Inactive;
U Save Botrivier ;Feb-25;;6223,5;;Inactive;
U Save Botrivier ;Mar-25;;6048,9;;Inactive;
U Save Botrivier ;Apr-25;;5130,9;;Inactive;
U Save Botrivier ;May-25;;4621,5;;Inactive;
U Save Botrivier ;Jun-25;;3931,2;;Inactive;
U Save Botrivier ;Jul-25;;4065,3;;Inactive;
U Save Botrivier ;Aug-25;3866;4722,382527;81,9%;Moderate;
U Save Botrivier ;Sept-25;4249;5247,461607;81,0%;Moderate;
U Save Botrivier ;Oct-25;5286;6481,168758;81,6%;Moderate;
U Save Botrivier ;Nov-25;5001;6800,67707;73,5%;Moderate;
U Save Botrivier ;Dec-25;6707;7277,940565;92,2%;Expected;
U Save Botrivier ;Jan-26;7171,5;7277,191531;98,5%;Expected;
U Save Botrivier ;Feb-26;4844;6200,442165;78,1%;Moderate;
U Save Botrivier ;Mar-26;5410;6023,244626;89,8%;Moderate;
U Save Botrivier ;Apr-26;2815,5;5106,092991;55,1%;Poor;
U Save Botrivier ;May-26;2205,5;4596,50304;48,0%;Poor;
U Save Botrivier ;Jun-26;1921,8;3907,606343;49,2%;Poor;
Three Peaks;Jul-26;3037;2765,418328;109,8%;Expected;NO
U Save Botrivier ;Aug-26;4145;4689,348396;88,4%;Moderate;NO
Thakadu Industrial;Sept-26;;0;;Inactive;NO
U Save Botrivier ;Oct-26;;6435,83152;;Inactive;
U Save Botrivier ;Nov-26;;6753,1048;;Inactive;
U Save Botrivier ;Dec-26;;7227,02973;;Inactive;
Watt Place Rotoflo;Jan-24;17892;27902,48458;64,1%;Poor;
Watt Place Rotoflo;Feb-24;15929;23732,79411;67,1%;Poor;
Watt Place Rotoflo;Mar-24;18524;24008,62761;77,2%;Moderate;
Watt Place Rotoflo;Apr-24;13076;19918,49476;65,6%;Poor;
Watt Place Rotoflo;May-24;17640;18892,4367;93,4%;Expected;
Watt Place Rotoflo;Jun-24;14642;16928,29006;86,5%;Moderate;
Watt Place Rotoflo;Jul-24;15002;18749,75148;80,0%;Moderate;
Watt Place Rotoflo;Aug-24;20792;21877,73382;95,0%;Expected;
Watt Place Rotoflo;Sept-24;20898;24302,82424;86,0%;Moderate;
Watt Place Rotoflo;Oct-24;30325;26992,01886;112,3%;Expected;
Watt Place Rotoflo;Nov-24;27930;26696,23993;104,6%;Expected;
Watt Place Rotoflo;Dec-24;17653;28713,21809;61,5%;Poor;
Watt Place Rotoflo;Jan-25;23957;27706,76753;86,5%;Moderate;
Watt Place Rotoflo;Feb-25;19898;23566,32463;84,4%;Moderate;
Watt Place Rotoflo;Mar-25;18434;23840,68185;77,3%;Moderate;
Watt Place Rotoflo;Apr-25;16717;19779,1604;84,5%;Moderate;
Watt Place Rotoflo;May-25;19518;18760,27984;104,0%;Expected;
Watt Place Rotoflo;Jun-25;16703,9;16809,87285;99,4%;Expected;
Watt Place Rotoflo;Jul-25;17442,42;18618,59274;93,7%;Expected;
Watt Place Rotoflo;Aug-25;21419;21724,69414;98,6%;Expected;
Watt Place Rotoflo;Sept-25;19487;24132,8205;80,7%;Moderate;
Watt Place Rotoflo;Oct-25;25859,04;26803,2036;96,5%;Expected;
Watt Place Rotoflo;Nov-25;23228;26509,49371;87,6%;Moderate;
Watt Place Rotoflo;Dec-25;13257;28512,36266;46,5%;Poor;
Watt Place Rotoflo;Jan-26;24628;27512,95244;89,5%;Moderate;
Watt Place Rotoflo;Feb-26;24848,5;23401,47287;106,2%;Expected;
Watt Place Rotoflo;Mar-26;20359;23673,9109;86,0%;Moderate;
Watt Place Rotoflo;Apr-26;17481;19640,80071;89,0%;Moderate;
Watt Place Rotoflo;May-26;17505;18629,04745;94,0%;Expected;
Watt Place Rotoflo;Jun-26;11655;16692,284;69,8%;Poor;
TPF Foods ;Jul-26;2200,69;2994,701718;73,5%;Moderate;NO
Watt Place Rotoflo;Aug-26;18697;21572,725;86,7%;Moderate;NO
The Alec;Sept-26;4853,26;6201,359751;78,3%;Moderate;NO
Watt Place Rotoflo;Oct-26;;26615,70915;;Inactive;
Watt Place Rotoflo;Nov-26;;26324,05382;;Inactive;
Watt Place Rotoflo;Dec-26;;28312,91225;;Inactive;
Zwartop Golf Course;Jan-24;;;;Inactive;
Zwartop Golf Course;Feb-24;;;;Inactive;
Zwartop Golf Course;Mar-24;;;;Inactive;
Zwartop Golf Course;Apr-24;;;;Inactive;
Zwartop Golf Course;May-24;;;;Inactive;
Zwartop Golf Course;Jun-24;;;;Inactive;
Zwartop Golf Course;Jul-24;;;;Inactive;
Zwartop Golf Course;Aug-24;;;;Inactive;
Zwartop Golf Course;Sept-24;;;;Inactive;
Zwartop Golf Course;Oct-24;;;;Inactive;
Zwartop Golf Course;Nov-24;;;;Inactive;
Zwartop Golf Course;Dec-24;;;;Inactive;
Zwartop Golf Course;Jan-25;;;;Inactive;
Zwartop Golf Course;Feb-25;;;;Inactive;
Zwartop Golf Course;Mar-25;;;;Inactive;
Zwartop Golf Course;Apr-25;;;;Inactive;
Zwartop Golf Course;May-25;;;;Inactive;
Zwartop Golf Course;Jun-25;;;;Inactive;
Zwartop Golf Course;Jul-25;;;;Inactive;
Zwartop Golf Course;Aug-25;;;;Inactive;
Zwartop Golf Course;Sept-25;;;;Inactive;
Zwartop Golf Course;Oct-25;;;;Inactive;
Zwartop Golf Course;Nov-25;;;;Inactive;
Zwartop Golf Course;Dec-25;;;;Inactive;
Zwartop Golf Course;Jan-26;;;;Inactive;
Zwartop Golf Course;Feb-26;;;;Inactive;
Zwartop Golf Course;Mar-26;;;;Inactive;
Zwartop Golf Course;Apr-26;;;;Inactive;
Zwartop Golf Course;May-26;;;;Inactive;
Zwartop Golf Course;Jun-26;0;;;Inactive;
Trouw Nutrition;Jul-26;9893,59;11637,49388;85,0%;Moderate;NO
Zwartop Golf Course;Aug-26;;;;Inactive;NO
Three Peaks;Sept-26;3170,27;3223,869219;98,3%;Expected;NO
Zwartop Golf Course;Oct-26;;;;Inactive;
Zwartop Golf Course;Nov-26;;;;Inactive;
Zwartop Golf Course;Dec-26;;;;Inactive;
Checkers Lichtenburg;Jan-24;;26451;;Inactive;
Checkers Lichtenburg;Feb-24;;23215,5;;Inactive;
Checkers Lichtenburg;Mar-24;;23034,6;;Inactive;
Checkers Lichtenburg;Apr-24;;19930,5;;Inactive;
Checkers Lichtenburg;May-24;;18754,2;;Inactive;
Checkers Lichtenburg;Jun-24;;16767,9;;Inactive;
Checkers Lichtenburg;Jul-24;;18261;;Inactive;
Checkers Lichtenburg;Aug-24;;21311,1;;Inactive;
Checkers Lichtenburg;Sept-24;;23659,2;;Inactive;
Checkers Lichtenburg;Oct-24;;26865,9;;Inactive;
Checkers Lichtenburg;Nov-24;;27153,9;;Inactive;
Checkers Lichtenburg;Dec-24;;27402,3;;Inactive;
Checkers Lichtenburg;Jan-25;;26451;;Inactive;
Checkers Lichtenburg;Feb-25;;23215,5;;Inactive;
Checkers Lichtenburg;Mar-25;;23034,6;;Inactive;
Checkers Lichtenburg;Apr-25;;19930,5;;Inactive;
Checkers Lichtenburg;May-25;;18754,2;;Inactive;
Checkers Lichtenburg;Jun-25;;16767,9;;Inactive;
Checkers Lichtenburg;Jul-25;;18261;;Inactive;
Checkers Lichtenburg;Aug-25;;21311,1;;Inactive;
Checkers Lichtenburg;Sept-25;;23659,2;;Inactive;
Checkers Lichtenburg;Oct-25;;26865,9;;Inactive;
Checkers Lichtenburg;Nov-25;;27153,9;;Inactive;
Checkers Lichtenburg;Dec-25;;27402,3;;Inactive;
Checkers Lichtenburg;Jan-26;;26451;;Inactive;
Checkers Lichtenburg;Feb-26;;23215,5;;Inactive;
Checkers Lichtenburg;Mar-26;;23034,6;;Inactive;
Checkers Lichtenburg;Apr-26;;19930,5;;Inactive;
Checkers Lichtenburg;May-26;17630;18749,15106;94,0%;Expected;
Checkers Lichtenburg;Jun-26;14172;16753,3944;84,6%;Moderate;
U Save Botrivier ;Jul-26;2292,691;4038,570714;56,8%;Poor;YES
Checkers Lichtenburg;Aug-26;19960,113;21267,69883;93,9%;Expected;NO
TPF Foods ;Sept-26;2619,92;3588,810147;73,0%;Moderate;NO
Checkers Lichtenburg;Oct-26;;26779,75047;;Inactive;
Checkers Lichtenburg;Nov-26;;27050,69445;;Inactive;
Checkers Lichtenburg;Dec-26;;27282,40465;;Inactive;
Alpine Heath Resort;Jan-24;;28877,4;;Inactive;
Alpine Heath Resort;Feb-24;;25884,9;;Inactive;
Alpine Heath Resort;Mar-24;;27341,1;;Inactive;
Alpine Heath Resort;Apr-24;;27823,5;;Inactive;
Alpine Heath Resort;May-24;;29920,5;;Inactive;
Alpine Heath Resort;Jun-24;;28644,3;;Inactive;
Alpine Heath Resort;Jul-24;;28051,2;;Inactive;
Alpine Heath Resort;Aug-24;;31649,4;;Inactive;
Alpine Heath Resort;Sept-24;;28250,1;;Inactive;
Alpine Heath Resort;Oct-24;;28466,1;;Inactive;
Alpine Heath Resort;Nov-24;;28991,7;;Inactive;
Alpine Heath Resort;Dec-24;;28903,5;;Inactive;
Alpine Heath Resort;Jan-25;;28877,4;;Inactive;
Alpine Heath Resort;Feb-25;;25884,9;;Inactive;
Alpine Heath Resort;Mar-25;;27341,1;;Inactive;
Alpine Heath Resort;Apr-25;;27823,5;;Inactive;
Alpine Heath Resort;May-25;;29920,5;;Inactive;
Alpine Heath Resort;Jun-25;;28644,3;;Inactive;
Alpine Heath Resort;Jul-25;;28051,2;;Inactive;
Alpine Heath Resort;Aug-25;;31649,4;;Inactive;
Alpine Heath Resort;Sept-25;;28250,1;;Inactive;
Alpine Heath Resort;Oct-25;;28466,1;;Inactive;
Alpine Heath Resort;Nov-25;;28991,7;;Inactive;
Alpine Heath Resort;Dec-25;;28903,5;;Inactive;
Alpine Heath Resort;Jan-26;;28877,4;;Inactive;
Alpine Heath Resort;Feb-26;;25884,9;;Inactive;
Alpine Heath Resort;Mar-26;;27341,1;;Inactive;
Alpine Heath Resort;Apr-26;;27823,5;;Inactive;
Alpine Heath Resort;May-26;27917,2;29918,77373;93,3%;Expected;
Alpine Heath Resort;Jun-26;25295;28625,57562;88,4%;Moderate;
Watt Place Rotoflo;Jul-26;14705;18488,35148;79,5%;Moderate;NO
Alpine Heath Resort;Aug-26;29161;31591,62703;92,3%;Expected;NO
Trouw Nutrition;Sept-26;10023,98;13089,17095;76,6%;Moderate;YES
Alpine Heath Resort;Oct-26;;28380,82268;;Inactive;
Alpine Heath Resort;Nov-26;;28887,6201;;Inactive;
Alpine Heath Resort;Dec-26;;28783,12493;;Inactive;
Engen Kaalfontein;Jan-24;;17370,9;;Inactive;
Engen Kaalfontein;Feb-24;;15077,7;;Inactive;
Engen Kaalfontein;Mar-24;;14634;;Inactive;
Engen Kaalfontein;Apr-24;;12420;;Inactive;
Engen Kaalfontein;May-24;;11402,1;;Inactive;
Engen Kaalfontein;Jun-24;;9989,1;;Inactive;
Engen Kaalfontein;Jul-24;;10986,3;;Inactive;
Engen Kaalfontein;Aug-24;;13108,77;;Inactive;
Engen Kaalfontein;Sept-24;;14833,17;;Inactive;
Engen Kaalfontein;Oct-24;;17053,2;;Inactive;
Engen Kaalfontein;Nov-24;;17239,5;;Inactive;
Engen Kaalfontein;Dec-24;;17465,4;;Inactive;
Engen Kaalfontein;Jan-25;;17370,9;;Inactive;
Engen Kaalfontein;Feb-25;;15077,7;;Inactive;
Engen Kaalfontein;Mar-25;;14634;;Inactive;
Engen Kaalfontein;Apr-25;;12420;;Inactive;
Engen Kaalfontein;May-25;;11402,1;;Inactive;
Engen Kaalfontein;Jun-25;;9989,1;;Inactive;
Engen Kaalfontein;Jul-25;;10986,3;;Inactive;
Engen Kaalfontein;Aug-25;;13108,77;;Inactive;
Engen Kaalfontein;Sept-25;;14833,17;;Inactive;
Engen Kaalfontein;Oct-25;;17053,2;;Inactive;
Engen Kaalfontein;Nov-25;;17239,5;;Inactive;
Engen Kaalfontein;Dec-25;;17465,4;;Inactive;
Engen Kaalfontein;Jan-26;;17370,9;;Inactive;
Engen Kaalfontein;Feb-26;;15077,7;;Inactive;
Engen Kaalfontein;Mar-26;;14634;;Inactive;
Engen Kaalfontein;Apr-26;;12420;;Inactive;
Engen Kaalfontein;May-26;;11402,1;;Inactive;
Engen Kaalfontein;Jun-26;10169;9986,7949;101,8%;Expected;
Zwartop Golf Course;Jul-26;0;;;Inactive;
Engen Kaalfontein;Aug-26;14833,728;13090,37871;113,3%;Expected;YES
U Save Botrivier ;Sept-26;3820,974914;5210,754429;73,3%;Moderate;NO
Engen Kaalfontein;Oct-26;;17009,30819;;Inactive;
Engen Kaalfontein;Nov-26;;17184,87996;;Inactive;
Engen Kaalfontein;Dec-26;;17400,02205;;Inactive;
Usave Naboomspruit;Jul-26;4094,8841;4643,202996;88,2%;Moderate;NO
Usave Naboomspruit;Aug-26;4246,929;5249,149899;80,9%;Moderate;NO
Usave Naboomspruit;Sept-26;4005,8959;5558,733744;72,1%;Moderate;NO
Usave Naboomspruit;Oct-26;;6018,039024;;Inactive;
Usave Naboomspruit;Nov-26;;5881,615394;;Inactive;
Usave Naboomspruit;Dec-26;;5969,719685;;Inactive;
Shoprite SRH Bizana;Jul-26;;13979,79;;Inactive;
Shoprite SRH Bizana;Aug-26;15700;16111,56138;97,4%;Expected;
Watt Place Rotoflo;Sept-26;19614,48;23964,00598;81,8%;Moderate;NO
Shoprite SRH Bizana;Oct-26;;19708,17232;;Inactive;
Shoprite SRH Bizana;Nov-26;;19434,61508;;Inactive;
Shoprite SRH Bizana;Dec-26;;21135,72749;;Inactive;
Shoprite Mayfair;Aug-26;8306,7484;17238,42;48,2%;Poor;
Zwartop Golf Course;Sept-26;;;;Inactive;NO
Shoprite Mayfair;Oct-26;;21425,02956;;Inactive;
Shoprite Mayfair;Nov-26;;21132,94826;;Inactive;
Shoprite Mayfair;Dec-26;;21559,87259;;Inactive;
